{
    "Business 01": {
        "name": "Abby Rappoport, LAC, CMQ",
        "business_id": "Pns2l4eNsfO8kk83dixA6A",
        "state": "CA",
        "city": "Santa Barbara"
    },
    "Business 02": {
        "name": "The UPS Store",
        "business_id": "mpf3x-BjTdTEA3yCZrAYPw",
        "state": "MO",
        "city": "Affton"
    },
    "Business 03": {
        "name": "Target",
        "business_id": "tUFrWirKiKi_TAnsVWINQQ",
        "state": "AZ",
        "city": "Tucson"
    },
    "Business 04": {
        "name": "St Honore Pastries",
        "business_id": "MTSW4McQd7CbVtyjqoe9mw",
        "state": "PA",
        "city": "Philadelphia"
    },
    "Business 05": {
        "name": "Perkiomen Valley Brewery",
        "business_id": "mWMc6_wTdE0EUBKIGXDVfA",
        "state": "PA",
        "city": "Green Lane"
    },
    "Business 06": {
        "name": "Sonic Drive-In",
        "business_id": "CF33F8-E6oudUQ46HnavjQ",
        "state": "TN",
        "city": "Ashland City"
    },
    "Business 07": {
        "name": "Famous Footwear",
        "business_id": "n_0UpQx1hsNbnPUSlodU8w",
        "state": "MO",
        "city": "Brentwood"
    },
    "Business 08": {
        "name": "Temple Beth-El",
        "business_id": "qkRM_2X51Yqxk3btlwAQIg",
        "state": "FL",
        "city": "St. Petersburg"
    },
    "Business 09": {
        "name": "Tsevi's Pub And Grill",
        "business_id": "k0hlBqXX-Bt0vf1op7Jr1w",
        "state": "MO",
        "city": "Affton"
    },
    "Business 10": {
        "name": "Sonic Drive-In",
        "business_id": "bBDDEgkFA1Otx9Lfe7BZUQ",
        "state": "TN",
        "city": "Nashville"
    },
    "Business 11": {
        "name": "Marshalls",
        "business_id": "UJsufbvfyfONHeWdvAHKjA",
        "state": "FL",
        "city": "Land O' Lakes"
    },
    "Business 12": {
        "name": "Denny's",
        "business_id": "il_Ro8jwPlHresjw9EGmBg",
        "state": "IN",
        "city": "Indianapolis"
    },
    "Business 13": {
        "name": "Adams Dental",
        "business_id": "jaxMSoInw8Poo3XeMJt8lQ",
        "state": "FL",
        "city": "Clearwater"
    },
    "Business 14": {
        "name": "Zio's Italian Market",
        "business_id": "0bPLkL0QhhPO5kt1_EXmNQ",
        "state": "FL",
        "city": "Largo"
    },
    "Business 15": {
        "name": "Tuna Bar",
        "business_id": "MUTTqe8uqyMdBl186RmNeA",
        "state": "PA",
        "city": "Philadelphia"
    },
    "Business 16": {
        "name": "Arizona Truck Outfitters",
        "business_id": "rBmpy_Y1UbBx8ggHlyb7hA",
        "state": "AZ",
        "city": "Tucson"
    },
    "Business 17": {
        "name": "Herb Import Co",
        "business_id": "M0XSSHqrASOnhgbWDJIpQA",
        "state": "LA",
        "city": "New Orleans"
    },
    "Business 18": {
        "name": "Nifty Car Rental",
        "business_id": "8wGISYjYkE2tSqn3cDMu8A",
        "state": "LA",
        "city": "Kenner"
    },
    "Business 19": {
        "name": "BAP",
        "business_id": "ROeacJQwBeh05Rqg7F6TCg",
        "state": "PA",
        "city": "Philadelphia"
    },
    "Business 20": {
        "name": "Roast Coffeehouse and Wine Bar",
        "business_id": "WKMJwqnfZKsAae75RMP6jA",
        "state": "AB",
        "city": "Edmonton"
    },
    "Business 21": {
        "name": "Barnes & Noble Booksellers",
        "business_id": "qhDdDeI3K4jy2KyzwFN53w",
        "state": "IN",
        "city": "Indianapolis"
    },
    "Business 22": {
        "name": "Hibachi Express",
        "business_id": "kfNv-JZpuN6TVNSO6hHdkw",
        "state": "IN",
        "city": "Indianapolis"
    },
    "Business 23": {
        "name": "Romano's Macaroni Grill",
        "business_id": "9OG5YkX1g2GReZM0AskizA",
        "state": "NV",
        "city": "Reno"
    },
    "Business 24": {
        "name": "Super Dog",
        "business_id": "4iRzR7OaS-QaSXuvYxEGKA",
        "state": "TN",
        "city": "Nashville"
    },
    "Business 25": {
        "name": "Indian Walk Veterinary Center",
        "business_id": "PSo_C1Sfa13JHjzVNW6ziQ",
        "state": "PA",
        "city": "Newtown"
    },
    "Business 26": {
        "name": "H&M",
        "business_id": "noByYNtDLQAra9ccqxdfDw",
        "state": "CA",
        "city": "Santa Barbara"
    },
    "Business 27": {
        "name": "The Green Pheasant",
        "business_id": "tMkwHmWFUEXrC9ZduonpTg",
        "state": "TN",
        "city": "Nashville"
    },
    "Business 28": {
        "name": "Bar One",
        "business_id": "QdN72BWoyFypdGJhhI5r7g",
        "state": "PA",
        "city": "Philadelphia"
    },
    "Business 29": {
        "name": "Domino's Pizza",
        "business_id": "sqSqqLy0sN8n2IZrAbzidQ",
        "state": "TN",
        "city": "White House"
    },
    "Business 30": {
        "name": "Altitude Trampoline Park - Boise",
        "business_id": "fvWn8oXXwbj2l79cochZyw",
        "state": "ID",
        "city": "Boise"
    },
    "Business 31": {
        "name": "DeSandro on Main",
        "business_id": "Mjboz24M9NlBeiOJKLEd_Q",
        "state": "PA",
        "city": "Philadelphia"
    },
    "Business 32": {
        "name": "DanceLine",
        "business_id": "8sshLb4UU7emeUDvtJWnpA",
        "state": "PA",
        "city": "Paoli"
    },
    "Business 33": {
        "name": "Ardmore Pizza",
        "business_id": "kV_Q1oqis8Qli8dUoGpTyQ",
        "state": "PA",
        "city": "Ardmore"
    },
    "Business 34": {
        "name": "River 127",
        "business_id": "w_AMNoI1iG9eay7ncmc67w",
        "state": "LA",
        "city": "New Orleans"
    },
    "Business 35": {
        "name": "Craft Hall",
        "business_id": "aPNXGTDkf-4bjhyMBQxqpQ",
        "state": "PA",
        "city": "Philadelphia"
    },
    "Business 36": {
        "name": "Cheeseburger In Paradise",
        "business_id": "2xVsWBNFwZOxIOdd9Mwnww",
        "state": "PA",
        "city": "Exton"
    },
    "Business 37": {
        "name": "T-Mobile",
        "business_id": "mGFsPRHdE6SMV1gYQ6GzgQ",
        "state": "DE",
        "city": "Wilmington"
    },
    "Business 38": {
        "name": "Edwardsville Children's Museum",
        "business_id": "LcAozWCMLGjwRbokaJAKMg",
        "state": "IL",
        "city": "Edwardsville"
    },
    "Business 39": {
        "name": "Diamond Hair Company",
        "business_id": "x1mhq4IpWctQOBM06dU8vg",
        "state": "IN",
        "city": "Indianapolis"
    },
    "Business 40": {
        "name": "Tony's Restaurant & 3rd Street Cafe",
        "business_id": "ljxNT9p0y7YMPx0fcNBGig",
        "state": "IL",
        "city": "Alton"
    },
    "Business 41": {
        "name": "Stomel Elliot Attorney-At-Law",
        "business_id": "lwItZ1Ck3KtpCgG4CPFmpQ",
        "state": "NJ",
        "city": "Cherry Hill"
    },
    "Business 42": {
        "name": "Bala Better Health",
        "business_id": "Kq51_lGAgAigqmENITTr-A",
        "state": "PA",
        "city": "Bala Cynwyd"
    },
    "Business 43": {
        "name": "Pier 1",
        "business_id": "mglME3E7esPSpIF5bias8w",
        "state": "PA",
        "city": "Springfield"
    },
    "Business 44": {
        "name": "China Dragon Restaurant",
        "business_id": "wghnIlMb_i5U46HMBGx9ig",
        "state": "AZ",
        "city": "Tucson"
    },
    "Business 45": {
        "name": "Naked Cyber Cafe & Espresso Bar",
        "business_id": "JX4tUpd09YFchLBuI43lGw",
        "state": "AB",
        "city": "Edmonton"
    },
    "Business 46": {
        "name": "Caviar & Bananas",
        "business_id": "lk9IwjZXqUMqqOhM774DtQ",
        "state": "TN",
        "city": "Nashville"
    },
    "Business 47": {
        "name": "All In Shipping",
        "business_id": "bCBPXIVfVzBZBEpFu29dcg",
        "state": "IL",
        "city": "Belleville"
    },
    "Business 48": {
        "name": "Core de Roma",
        "business_id": "ABxoFuzZy5mqQ8C5FJJajQ",
        "state": "PA",
        "city": "Bala Cynwyd"
    },
    "Business 49": {
        "name": "Gold's Gym",
        "business_id": "Hwt3_mOEmU-t--ywcemnMg",
        "state": "FL",
        "city": "St. Petersburg"
    },
    "Business 50": {
        "name": "Breadland Organic Whole Grain Bakery",
        "business_id": "5BmQX4UVJY19mMtafMg7JA",
        "state": "AB",
        "city": "Edmonton"
    },
    "Business 51": {
        "name": "Paws The Cat Cafe",
        "business_id": "cVBxfMC4lp3DnocjYA3FHQ",
        "state": "AB",
        "city": "Edmonton"
    },
    "Business 52": {
        "name": "Charlie's Market",
        "business_id": "0qNpTGTcqPwOLi2hADx4Xw",
        "state": "FL",
        "city": "Tampa"
    },
    "Business 53": {
        "name": "Fairfield Inn & Suites",
        "business_id": "xM6LoUcnpDpMBzXs_7dXAg",
        "state": "PA",
        "city": "Kennett Square"
    },
    "Business 54": {
        "name": "Smoothie King",
        "business_id": "txyXRytGjwOXvS8s4sc-WA",
        "state": "AZ",
        "city": "Tucson"
    },
    "Business 55": {
        "name": "LensCrafters",
        "business_id": "DQ7PyYlp2bX96WZa7TcaWQ",
        "state": "PA",
        "city": "Plymouth Meeting"
    },
    "Business 56": {
        "name": "Roman Forum",
        "business_id": "uI9XODGY_2_ieTE6xJ0myw",
        "state": "FL",
        "city": "Tampa"
    },
    "Business 57": {
        "name": "Joe's Pizza",
        "business_id": "JgpnXv_0XhV3SfbfB50nxw",
        "state": "FL",
        "city": "Tampa"
    },
    "Business 58": {
        "name": "Lafitte's Landing Seafood House",
        "business_id": "Si6LXSR9gvAbmgO5DzV2cw",
        "state": "LA",
        "city": "Harvey"
    },
    "Business 59": {
        "name": "Twin Peaks",
        "business_id": "seKihQKpGGnCeLuELRQPSQ",
        "state": "IN",
        "city": "Indianapolis"
    },
    "Business 60": {
        "name": "Village Tap Room",
        "business_id": "L_TT0BFmFwORAMaA83K54A",
        "state": "IN",
        "city": "Indianapolis"
    },
    "Business 61": {
        "name": "Educational Outfitters",
        "business_id": "mjWvAkNqoA6Y5P03sDSzfA",
        "state": "FL",
        "city": "Tampa"
    },
    "Business 62": {
        "name": "Doc Magrogan's Oyster House - West Chester",
        "business_id": "qfWJmJ0g96eM_fWma3ja0g",
        "state": "PA",
        "city": "West Chester"
    },
    "Business 63": {
        "name": "New Orleans Spirit Tours",
        "business_id": "uczmbBk5O3tYhGue13dCDg",
        "state": "LA",
        "city": "New Orleans"
    },
    "Business 64": {
        "name": "Big Boyz Toyz Motorcycle Rentals",
        "business_id": "eYxGFkxo6m3SYGVTh5m2nQ",
        "state": "AZ",
        "city": "Tucson"
    },
    "Business 65": {
        "name": "Sweet Things Chocolates",
        "business_id": "lOP3HxdUTaq0eXhwR_KC-w",
        "state": "IN",
        "city": "Indianapolis"
    },
    "Business 66": {
        "name": "Publix Super Market",
        "business_id": "KWA2qtdwVEkMpd5soSKaGA",
        "state": "FL",
        "city": "Hudson"
    },
    "Business 67": {
        "name": "Mr. Margarita",
        "business_id": "gbN4RuUiiBxQ2GBFQ2p3Cw",
        "state": "NV",
        "city": "Fernley"
    },
    "Business 68": {
        "name": "Pottery Barn Kids",
        "business_id": "B2qqjCl_BNNnXvWWfpFiLA",
        "state": "TN",
        "city": "Nashville"
    },
    "Business 69": {
        "name": "Sharky's Sports Bar & Grill",
        "business_id": "8rb-3VYXE37IZix4yOdskw",
        "state": "NJ",
        "city": "Williamstown"
    },
    "Business 70": {
        "name": "Holly Nails & Spa",
        "business_id": "9Rww8yE6Dm4dSMEq09nwXg",
        "state": "FL",
        "city": "Pinellas Park"
    },
    "Business 71": {
        "name": "39 North Taproom & Grill",
        "business_id": "aCDY7vXYMs54EbYuQScsnQ",
        "state": "PA",
        "city": "Glenolden"
    },
    "Business 72": {
        "name": "Pathmark",
        "business_id": "-4dYswJy7SPcbcERvitmIg",
        "state": "PA",
        "city": "Philadelphia"
    },
    "Business 73": {
        "name": "River City Games",
        "business_id": "mFTaYsRDyeFaY2NDLfSaAA",
        "state": "AB",
        "city": "Edmonton"
    },
    "Business 74": {
        "name": "Gavi Italian Restaurant",
        "business_id": "x9K0RfZaT_zlw6DklBDzjw",
        "state": "AZ",
        "city": "Tucson"
    },
    "Business 75": {
        "name": "Top Shelf Sports Lounge",
        "business_id": "pJfh3Ct8iL58NZa8ta-a5w",
        "state": "FL",
        "city": "Wesley Chapel"
    },
    "Business 76": {
        "name": "Fishers Freedom Festival",
        "business_id": "cvP_vh_bOLbCY3eoY1Xw-A",
        "state": "IN",
        "city": "Fishers"
    },
    "Business 77": {
        "name": "Bier Brewery and Tap Room",
        "business_id": "7clCBgNbd-x2Wj96lZ6Mjw",
        "state": "IN",
        "city": "Indianapolis"
    },
    "Business 78": {
        "name": "Wawa",
        "business_id": "ppFCk9aQkM338Rgwpl2F5A",
        "state": "PA",
        "city": "Philadelphia"
    },
    "Business 79": {
        "name": "Super Sushi Kyo Hin",
        "business_id": "NZ_bFJma7brQUfln5h1UAg",
        "state": "NJ",
        "city": "Burlington"
    },
    "Business 80": {
        "name": "AM&PM Locksmith",
        "business_id": "eMjnw_7wp-CscyNh6Lu0ZA",
        "state": "PA",
        "city": "Philadelphia"
    },
    "Business 81": {
        "name": "Helena Avenue Bakery",
        "business_id": "IDtLPgUrqorrpqSLdfMhZQ",
        "state": "CA",
        "city": "Santa Barbara"
    },
    "Business 82": {
        "name": "K-9 Groom Room",
        "business_id": "sE6jSnvMts_MAn-b4OkMAw",
        "state": "IL",
        "city": "Troy"
    },
    "Business 83": {
        "name": "Copper Vine",
        "business_id": "YNjyv0gfOr2g8lbmUpTnKg",
        "state": "LA",
        "city": "New Orleans"
    },
    "Business 84": {
        "name": "Fresh Fruits & Salads",
        "business_id": "LhpPSrulqVeTyJeK2xydvQ",
        "state": "NJ",
        "city": "Camden"
    },
    "Business 85": {
        "name": "Mike's Ice Cream",
        "business_id": "oaboaRBUgGjbo2kfUIKDLQ",
        "state": "TN",
        "city": "Nashville"
    },
    "Business 86": {
        "name": "Gilley's Antique Mall",
        "business_id": "-ZXYcCyDjj1QimnJyGtYtg",
        "state": "IN",
        "city": "Plainfield"
    },
    "Business 87": {
        "name": "Iron Horse Auto Body",
        "business_id": "nUqrF-h9S7myCcvNDecOvw",
        "state": "CA",
        "city": "Santa Barbara"
    },
    "Business 88": {
        "name": "James Dant",
        "business_id": "vR9_bhoszcpXbB_APv6Xlw",
        "state": "IN",
        "city": "Indianapolis"
    },
    "Business 89": {
        "name": "Absolutely Perfect Inc",
        "business_id": "ZM46RDLXaFNo_z6t-j_L4w",
        "state": "PA",
        "city": "Bensalem"
    },
    "Business 90": {
        "name": "TKO DJs",
        "business_id": "pEm4xNCk8d0TF6A1gi-WDQ",
        "state": "MO",
        "city": "Maplewood"
    },
    "Business 91": {
        "name": "Riverview Room",
        "business_id": "J_ksUDPpzPwfTGtI4zTRnQ",
        "state": "LA",
        "city": "New Orleans"
    },
    "Business 92": {
        "name": "Silver and Blue Outfitters",
        "business_id": "knQ4vIgx-r85kjlWVVjcpQ",
        "state": "NV",
        "city": "Reno"
    },
    "Business 93": {
        "name": "Premier Mortgage Resources",
        "business_id": "U2Tzy6J9aAAg9pzXsgdkvg",
        "state": "ID",
        "city": "Meridian"
    },
    "Business 94": {
        "name": "Ricardo's Italian Cafe",
        "business_id": "1MeIwdbTnZOBFCKOrgaxuw",
        "state": "MO",
        "city": "Saint Louis"
    },
    "Business 95": {
        "name": "Cornerstone Physical Therapy Associates",
        "business_id": "8KMIT0NXu30Jz5Ojo5uxaw",
        "state": "PA",
        "city": "Bensalem"
    },
    "Business 96": {
        "name": "Saks Fifth Avenue",
        "business_id": "jiLGdnf42eYftkqfU2ze1w",
        "state": "IN",
        "city": "Indianapolis"
    },
    "Business 97": {
        "name": "Crafty Crab",
        "business_id": "EuRGgOwJ0g1vTj2R04j37Q",
        "state": "IL",
        "city": "Fairview Heights"
    },
    "Business 98": {
        "name": "Mahony's Po-Boys & Seafood",
        "business_id": "TLZ3-eDPLhUzfsWO4ad6Ug",
        "state": "LA",
        "city": "New Orleans"
    },
    "Business 99": {
        "name": "Taqueria Los Primos",
        "business_id": "Dy91wdWkwtI_qgjAIZ0Niw",
        "state": "DE",
        "city": "Wilmington"
    },
    "Business 100": {
        "name": "AIM Mail Center",
        "business_id": "2Bi3ef7c0CrLxHD_-yy_tw",
        "state": "AZ",
        "city": "Oro Valley"
    },
    "Business 101": {
        "name": "The Pearl",
        "business_id": "vje0KIiE7vtpx7JzmBx5LQ",
        "state": "FL",
        "city": "Treasure Island"
    },
    "Business 102": {
        "name": "Mighty Dustless",
        "business_id": "2n9HHBxG7yAyAUwXXa49aw",
        "state": "PA",
        "city": "Southampton"
    },
    "Business 103": {
        "name": "Swat Pest Control",
        "business_id": "kK2i5Xyd9SOpF5pCFilbcg",
        "state": "PA",
        "city": "Chalfont"
    },
    "Business 104": {
        "name": "Its Sold Here",
        "business_id": "I6DCYks9lqZeoZiVzW7PmA",
        "state": "PA",
        "city": "Willow Grove"
    },
    "Business 105": {
        "name": "Sunset 44 Bistro",
        "business_id": "VrGxoSNZfSiT-G4OqRRGIw",
        "state": "MO",
        "city": "Saint Louis"
    },
    "Business 106": {
        "name": "America's Best Contacts & Eyeglasses",
        "business_id": "H0NEOp4e3Zu598u6kO3y0g",
        "state": "NJ",
        "city": "Voorhees"
    },
    "Business 107": {
        "name": "Budweiser Brewery Experience",
        "business_id": "sB45WFgysT617bKWP_WJwA",
        "state": "MO",
        "city": "Saint Louis"
    },
    "Business 108": {
        "name": "Jamba Juice",
        "business_id": "Fk1xpM7fjqEJ4paqk5ZFSg",
        "state": "ID",
        "city": "Boise"
    },
    "Business 109": {
        "name": "Walmart Supercenter",
        "business_id": "4dVrWc4Nhuw9apfk9BWEcA",
        "state": "FL",
        "city": "Tarpon Springs"
    },
    "Business 110": {
        "name": "Walmart Vision & Glasses",
        "business_id": "xfmkEGiIERBaBMLhw-dTCg",
        "state": "PA",
        "city": "Philadelphia"
    },
    "Business 111": {
        "name": "Mirror Lake Community Library",
        "business_id": "NTf_U8kYu9PAE2cZGJqtJg",
        "state": "FL",
        "city": "St. Petersburg"
    },
    "Business 112": {
        "name": "Giant Food Store",
        "business_id": "kk_oEw1j3xQ-cJaAII8A0Q",
        "state": "PA",
        "city": "Blue Bell"
    },
    "Business 113": {
        "name": "Monogram Express",
        "business_id": "RXpADfOCZBGi82-CGxYdsw",
        "state": "LA",
        "city": "Metairie"
    },
    "Business 114": {
        "name": "Nashville Delivers",
        "business_id": "qFX8IdomeBVhDPCSyz2aRg",
        "state": "TN",
        "city": "Brentwood"
    },
    "Business 115": {
        "name": "Desert Design Center",
        "business_id": "luGY5CJlb4CJ3LrBcSXMPA",
        "state": "AZ",
        "city": "Tucson"
    },
    "Business 116": {
        "name": "Subway",
        "business_id": "VZzivJEbmHItOxNXJB3SpA",
        "state": "TN",
        "city": "Brentwood"
    },
    "Business 117": {
        "name": "Pete's Barber Shop",
        "business_id": "iPSPcprSnkLOuL1Ns8UZZA",
        "state": "PA",
        "city": "Philadelphia"
    },
    "Business 118": {
        "name": "Cook's Glass & Mirror",
        "business_id": "Q3kQYhkYxSRyYyeBgtk--A",
        "state": "IN",
        "city": "Indianapolis"
    },
    "Business 119": {
        "name": "Leslie's",
        "business_id": "wEfK2HIYNzkA1QYfUjHBaw",
        "state": "AZ",
        "city": "Tucson"
    },
    "Business 120": {
        "name": "Papa Murphy's",
        "business_id": "anLQj9AM8vjbcLSIE0iUgg",
        "state": "AZ",
        "city": "Tucson"
    },
    "Business 121": {
        "name": "Sears Auto Center",
        "business_id": "BVo_36t3z7vfXp3XGgJkOg",
        "state": "LA",
        "city": "Metairie"
    },
    "Business 122": {
        "name": "Laser Spine Institute",
        "business_id": "P8brGDYVWjeW9GrKixH0yQ",
        "state": "FL",
        "city": "Tampa"
    },
    "Business 123": {
        "name": "Nipper's Pub",
        "business_id": "Cdytv_YhJO0W0Ab8t2xLtg",
        "state": "NJ",
        "city": "Woodbury"
    },
    "Business 124": {
        "name": "Golden Chopstick Chinese Restaurant",
        "business_id": "3BJxm-HnvzdwD1zjmSbmyQ",
        "state": "PA",
        "city": "Philadelphia"
    },
    "Business 125": {
        "name": "Altamura",
        "business_id": "FRYkg_JvsWU9xIXZsEZcVA",
        "state": "LA",
        "city": "New Orleans"
    },
    "Business 126": {
        "name": "Home Plate Sports Pub",
        "business_id": "9C2rpb56aQvW0ViZHK9sPw",
        "state": "AZ",
        "city": "Tucson"
    },
    "Business 127": {
        "name": "Cold Stone Creamery",
        "business_id": "k0yyD71s2F2eEKWRdkZ6jA",
        "state": "IN",
        "city": "Indianapolis"
    },
    "Business 128": {
        "name": "Walmart Supercenter",
        "business_id": "dM5OKNzk9AL2aiq-fV-SYg",
        "state": "IN",
        "city": "Brownsburg"
    },
    "Business 129": {
        "name": "Norristown Car Wash",
        "business_id": "qdYfHRsZdcz4Bun4f9Ijaw",
        "state": "PA",
        "city": "Norristown"
    },
    "Business 130": {
        "name": "Meineke Car Care Center",
        "business_id": "Y6t4pnKm5LF8y5ChHA27ow",
        "state": "FL",
        "city": "Land O Lakes"
    },
    "Business 131": {
        "name": "Pain Institute of Southern Arizona",
        "business_id": "E_kLUlU60fzoZYAOxbH_3w",
        "state": "AZ",
        "city": "Tucson"
    },
    "Business 132": {
        "name": "Advance Financial",
        "business_id": "txiXR1YfMyk-5S4ZzOVIhQ",
        "state": "TN",
        "city": "Nashville"
    },
    "Business 133": {
        "name": "Whole Foods Market",
        "business_id": "0vCsslN-TYnDeOSNT4rIfg",
        "state": "IN",
        "city": "Carmel"
    },
    "Business 134": {
        "name": "The Cake Drip",
        "business_id": "zFvqulgAYOpSG2t1v8AZ-w",
        "state": "FL",
        "city": "Tampa"
    },
    "Business 135": {
        "name": "Santa Barbara Shellfish Company",
        "business_id": "SZU9c8V2GuREDN5KgyHFJw",
        "state": "CA",
        "city": "Santa Barbara"
    },
    "Business 136": {
        "name": "David Gower, Jr.  - Coldwell Banker Preferred",
        "business_id": "GWGXTKR0Fhdvzf_isDqJug",
        "state": "PA",
        "city": "Philadelphia"
    },
    "Business 137": {
        "name": "David Thomas Trailways",
        "business_id": "-aeZuatjCDMV1X4gCTz9Ug",
        "state": "PA",
        "city": "Philadelphia"
    },
    "Business 138": {
        "name": "Payless Liquors",
        "business_id": "PYW8Buz8S8LpjIe6mZTAcw",
        "state": "IN",
        "city": "Greenwood"
    },
    "Business 139": {
        "name": "ALM Kainan",
        "business_id": "Lx8ZYUJ_-3Aa8N821mN1WQ",
        "state": "NV",
        "city": "Sparks"
    },
    "Business 140": {
        "name": "Professional Healthcare of Pinellas",
        "business_id": "M_THnNDHs29aylcK-JqS1A",
        "state": "FL",
        "city": "Saint Petersburg"
    },
    "Business 141": {
        "name": "Yogurt Beach",
        "business_id": "uCQqtYW_xc1EJRm7NyakdA",
        "state": "NV",
        "city": "Reno"
    },
    "Business 142": {
        "name": "Banfield Pet Hospital",
        "business_id": "9LLxOjEhLNcdx8i4lL6EUQ",
        "state": "IN",
        "city": "Indianapolis"
    },
    "Business 143": {
        "name": "P's & Q's - Premium Quality",
        "business_id": "h-y5azB-VlQAT3m7Ff2g2Q",
        "state": "PA",
        "city": "Philadelphia"
    },
    "Business 144": {
        "name": "Michael Kors",
        "business_id": "XHTgtBSwLnwRHzKSbea2Fg",
        "state": "IN",
        "city": "Indianapolis"
    },
    "Business 145": {
        "name": "J Sushi",
        "business_id": "WYYdQDjx-DsCanlP0DpImQ",
        "state": "PA",
        "city": "Philadelphia"
    },
    "Business 146": {
        "name": "D's Toys",
        "business_id": "U2htB9qk4hOXCdkccvvW0Q",
        "state": "IN",
        "city": "Indianapolis"
    },
    "Business 147": {
        "name": "Chipotle Mexican Grill",
        "business_id": "aNtKyc2rr-uK5cqzY9TVQQ",
        "state": "FL",
        "city": "Largo"
    },
    "Business 148": {
        "name": "Nash Painting",
        "business_id": "yv6kSKxDdZTsvHL25K-U2g",
        "state": "TN",
        "city": "Nashville"
    },
    "Business 149": {
        "name": "Rathbone Mansions",
        "business_id": "hUQ9Z7kQeabvhPOAQOVV1A",
        "state": "LA",
        "city": "New Orleans"
    },
    "Business 150": {
        "name": "Boise Therapeutic Massage Center",
        "business_id": "t5tBd4p7BA7hNDitBUXxrw",
        "state": "ID",
        "city": "Boise"
    },
    "Business 151": {
        "name": "Giant Food Store",
        "business_id": "oCFcoyGx2VRZ8MHXEsV8tQ",
        "state": "PA",
        "city": "Brookhaven"
    },
    "Business 152": {
        "name": "TD Bank Havertown",
        "business_id": "FC6ef4rMMZKNov_-A9M6iQ",
        "state": "PA",
        "city": "Haverford"
    },
    "Business 153": {
        "name": "Cerveza Jack's",
        "business_id": "X_E7U2lVNEwbH_gpOBmAHQ",
        "state": "TN",
        "city": "Nashville"
    },
    "Business 154": {
        "name": "Carsmetics",
        "business_id": "EYA514FX4H8MwvFjv2ORQA",
        "state": "FL",
        "city": "Clearwater"
    },
    "Business 155": {
        "name": "Wendy's",
        "business_id": "G4lRmwDHdvhZAhmtlsYYBw",
        "state": "TN",
        "city": "Nashville"
    },
    "Business 156": {
        "name": "Stitchers' Dream",
        "business_id": "DTUfAthScapCGnOnnLUhPA",
        "state": "PA",
        "city": "Glenside"
    },
    "Business 157": {
        "name": "Lott's Service",
        "business_id": "DcUDIlxFsvqPvFh8_lb4Sw",
        "state": "NJ",
        "city": "Moorestown"
    },
    "Business 158": {
        "name": "Something Special",
        "business_id": "zs4d4DqSp5zh3HGFh-PiiQ",
        "state": "TN",
        "city": "Nashville"
    },
    "Business 159": {
        "name": "Bar-B-Cutie",
        "business_id": "BxhkoR6cscJwwex8gx31OA",
        "state": "TN",
        "city": "Madison"
    },
    "Business 160": {
        "name": "Total Access Urgent Care",
        "business_id": "2oxrOO3c9_mQmqM9kwEm9Q",
        "state": "MO",
        "city": "Saint Louis"
    },
    "Business 161": {
        "name": "Sal DeForte's Ristorante",
        "business_id": "Ms5xG8i4p80KSMcF3tt4ug",
        "state": "NJ",
        "city": "Ewing"
    },
    "Business 162": {
        "name": "Reno Bighorns",
        "business_id": "yswijv6wP2fKbMqAiEZ0vw",
        "state": "NV",
        "city": "Reno"
    },
    "Business 163": {
        "name": "CVS Pharmacy",
        "business_id": "m9ncuZp0nEVhIwu24G-HRw",
        "state": "IN",
        "city": "Indianapolis"
    },
    "Business 164": {
        "name": "805 Ink",
        "business_id": "QZU7TcrztBb3tXaPbVCkXg",
        "state": "CA",
        "city": "Santa Barbara"
    },
    "Business 165": {
        "name": "HMV Superstore",
        "business_id": "l6VYP8AxIoW6U52aDo8fXg",
        "state": "AB",
        "city": "Edmonton"
    },
    "Business 166": {
        "name": "Tuffy Tire & Auto Service Center",
        "business_id": "wMAxTyExktVtfyqKAfApbA",
        "state": "FL",
        "city": "Tampa"
    },
    "Business 167": {
        "name": "Selah",
        "business_id": "E-nhxuu3zbt02oCj_1AFng",
        "state": "AZ",
        "city": "Tucson"
    },
    "Business 168": {
        "name": "Inspired By Purpose Wellness Center & Yoga Studio",
        "business_id": "vvE3HVfxlx9UYctKPr0dbw",
        "state": "NV",
        "city": "Reno"
    },
    "Business 169": {
        "name": "Collision XS",
        "business_id": "JnbSkfsl_j2dUoHncBTonA",
        "state": "IL",
        "city": "Belleville"
    },
    "Business 170": {
        "name": "A-1 Expert Cleaning Services",
        "business_id": "5BYQP7i7ckUlgSzX4Yhnmw",
        "state": "PA",
        "city": "Levittown"
    },
    "Business 171": {
        "name": "Willard Park",
        "business_id": "xAAhPuZ8FG6OlvAw5m1BVQ",
        "state": "IN",
        "city": "Indianapolis"
    },
    "Business 172": {
        "name": "Reno Family Chiropractic",
        "business_id": "DfGNZQsCe9k2BxazCf0p6g",
        "state": "NV",
        "city": "Reno"
    },
    "Business 173": {
        "name": "Elegance African Hair Braiding",
        "business_id": "07JLsUInZr5OSiYH2XVi4g",
        "state": "PA",
        "city": "Philadelphia"
    },
    "Business 174": {
        "name": "Timber Creek Park",
        "business_id": "hPAmGKnDqummngSTOJN_8g",
        "state": "NJ",
        "city": "Gloucester Township"
    },
    "Business 175": {
        "name": "Gaylord Opryland Resort & Convention Center",
        "business_id": "ORL4JE6tz3rJxVqkdKfegA",
        "state": "TN",
        "city": "Nashville"
    },
    "Business 176": {
        "name": "Rita's Italian Ice",
        "business_id": "1GnJDrpp-jyDRCptavD9RQ",
        "state": "PA",
        "city": "Aston"
    },
    "Business 177": {
        "name": "Bay Area Appliance",
        "business_id": "jkY8aotwcAlSHCgoZrF49w",
        "state": "FL",
        "city": "Largo"
    },
    "Business 178": {
        "name": "Passport Health",
        "business_id": "YD_eZ4TaFrHYRrJVzOXHfw",
        "state": "MO",
        "city": "Saint Louis"
    },
    "Business 179": {
        "name": "Trust Me BBQ",
        "business_id": "P10BsKUeoeCeVoK4BS2u0w",
        "state": "FL",
        "city": "Riverview"
    },
    "Business 180": {
        "name": "Kinjo's Japanese Restaurant",
        "business_id": "7Du9oW73YcYFmXdtU5aiSg",
        "state": "FL",
        "city": "Saint Petersburg"
    },
    "Business 181": {
        "name": "Tim Hortons",
        "business_id": "h_qlv6CIXGVurFOhFQ945w",
        "state": "AB",
        "city": "Edmonton"
    },
    "Business 182": {
        "name": "PDQ Temple Terrace",
        "business_id": "QjV4v7q_pt7tt3K1US7IHg",
        "state": "FL",
        "city": "Tampa"
    },
    "Business 183": {
        "name": "Domino's Pizza",
        "business_id": "LGqiubTmpJ-A1L5n7dmc6g",
        "state": "LA",
        "city": "Harvey"
    },
    "Business 184": {
        "name": "Giant Food Stores",
        "business_id": "FTFtoylMzkrzqNVSl-bkKw",
        "state": "PA",
        "city": "Philadelphia"
    },
    "Business 185": {
        "name": "Roma Pizza & Italian Eatery",
        "business_id": "59jkCUm4yHciKL1KW_1HJA",
        "state": "PA",
        "city": "Warrington"
    },
    "Business 186": {
        "name": "Target",
        "business_id": "AzwiKZjVqHOxLaYtPAx8lA",
        "state": "PA",
        "city": "Wyncote"
    },
    "Business 187": {
        "name": "McDonald's",
        "business_id": "yM8LlTInbQH4FwWC97lz6w",
        "state": "MO",
        "city": "St. Louis"
    },
    "Business 188": {
        "name": "Cunningham Pest Control",
        "business_id": "tVdJ7CgBGAQ_nLomYXbB-Q",
        "state": "PA",
        "city": "Havertown"
    },
    "Business 189": {
        "name": "West Coast Roofing",
        "business_id": "x8KYhsxbufQiYIK-4MRzHQ",
        "state": "AZ",
        "city": "Tucson"
    },
    "Business 190": {
        "name": "The Handlebar Boise",
        "business_id": "3S9GYtMOYhbZl4MMPOHT0Q",
        "state": "ID",
        "city": "Boise"
    },
    "Business 191": {
        "name": "Seaview Condominiums",
        "business_id": "znL4YrNbA2uwOQ3CchkmEA",
        "state": "FL",
        "city": "Madeira Beach"
    },
    "Business 192": {
        "name": "Aussie Grill",
        "business_id": "CtMEJxpVMlNzFpB4PtFjfA",
        "state": "FL",
        "city": "Lutz"
    },
    "Business 193": {
        "name": "Wendy's",
        "business_id": "O1oZpbZNDMH_gz8DhsZCdA",
        "state": "PA",
        "city": "Philadelphia"
    },
    "Business 194": {
        "name": "China Pearl",
        "business_id": "vPcfJ3rm3NpdqVDod2WxLA",
        "state": "PA",
        "city": "Langhorne"
    },
    "Business 195": {
        "name": "1-Hour Auto Glass",
        "business_id": "HI4_NqeHMJOnMoVFNxaFyA",
        "state": "AZ",
        "city": "Tucson"
    },
    "Business 196": {
        "name": "Bagelicious - King Of Prussia",
        "business_id": "pmuuoDqNZp7518AUd-YmPA",
        "state": "PA",
        "city": "King of Prussia"
    },
    "Business 197": {
        "name": "Ottewell Animal Clinic",
        "business_id": "EDNYAyVc_WFhM3CD6QVD4A",
        "state": "AB",
        "city": "Edmonton"
    },
    "Business 198": {
        "name": "Blue Water Dental Care",
        "business_id": "tyJwgMRwo21wLUsga_RkQw",
        "state": "NV",
        "city": "Reno"
    },
    "Business 199": {
        "name": "ReAnimator Coffee",
        "business_id": "2dlQX5sP9X6Dlm1MmNOlSw",
        "state": "PA",
        "city": "Philadelphia"
    },
    "Business 200": {
        "name": "Bub's Cafe",
        "business_id": "IYlUaKC9nICjiWdk-ShPlg",
        "state": "IN",
        "city": "Carmel"
    },
    "Business 201": {
        "name": "Carpet One Floor & Home",
        "business_id": "hdRtVNk-G9Ep4eaHPKXmfA",
        "state": "AZ",
        "city": "Oro Valley"
    },
    "Business 202": {
        "name": "The Mad Griddle ",
        "business_id": "tSFXJ0GFl5iUdy021YgWLw",
        "state": "IN",
        "city": "Indianapolis"
    },
    "Business 203": {
        "name": "Beaver Hill Condominium",
        "business_id": "UoKkgWmE9-c3wbWwO4VAVQ",
        "state": "PA",
        "city": "Jenkintown"
    },
    "Business 204": {
        "name": "Quality Inn Nashville Downtown - Stadium",
        "business_id": "Nh1rc9aSeO-Y5lYmXVS6CA",
        "state": "TN",
        "city": "Nashville"
    },
    "Business 205": {
        "name": "MDG Salon Studio",
        "business_id": "r_8FZXRkGoc5QNbTOAIftA",
        "state": "IN",
        "city": "Indianapolis"
    },
    "Business 206": {
        "name": "530 Pub & Grill",
        "business_id": "ZU6NodDOWaabGkeNpOWdXw",
        "state": "FL",
        "city": "Clearwater"
    },
    "Business 207": {
        "name": "Option 1 Barber Shop",
        "business_id": "LVYAXWQB3t7tdwWteyjfhw",
        "state": "FL",
        "city": "Tampa"
    },
    "Business 208": {
        "name": "Wendy Warner- Medicine In Balance",
        "business_id": "mq5Z9X7yxgyApILQ11niNw",
        "state": "PA",
        "city": "Langhorne"
    },
    "Business 209": {
        "name": "Toys R Us",
        "business_id": "X0V_PdBTS_SwNxMY2795ZA",
        "state": "AZ",
        "city": "Tucson"
    },
    "Business 210": {
        "name": "Zakian Rug Cleaning",
        "business_id": "ONUZertKOOImiyQG66Z7Tg",
        "state": "PA",
        "city": "Philadelphia"
    },
    "Business 211": {
        "name": "Eddie's Southtown Donuts",
        "business_id": "ULReFPrCIDRbGKwP3ZsHwg",
        "state": "MO",
        "city": "Saint Louis"
    },
    "Business 212": {
        "name": "Enjoy The Mountain",
        "business_id": "25Uww0C0wvF9CZ_3B6vWtA",
        "state": "CA",
        "city": "Santa Barbara"
    },
    "Business 213": {
        "name": "Rite Aid",
        "business_id": "rCoWa-C7Os51GjFkCnFlVw",
        "state": "NJ",
        "city": "Voorhees"
    },
    "Business 214": {
        "name": "Tomo Japanese Steakhouse and Sushi Bar",
        "business_id": "Dtuf4vD0znzwJW9vk3iTNw",
        "state": "IN",
        "city": "Indianapolis"
    },
    "Business 215": {
        "name": "Zesty Tsunami",
        "business_id": "8c0r7olQSYGcws0bTd3ikw",
        "state": "FL",
        "city": "New Port Richey"
    },
    "Business 216": {
        "name": "O'Briens Irish Pub",
        "business_id": "Ucl9Vo5lwrUmYbV8Dv8X5g",
        "state": "FL",
        "city": "Tampa"
    },
    "Business 217": {
        "name": "Midwest RV Center",
        "business_id": "cSeA6pC9JUlGfz-RNfvnGw",
        "state": "MO",
        "city": "St. Louis"
    },
    "Business 218": {
        "name": "Daniel Colombo , MD",
        "business_id": "WdrpkH-q7FQY5nclmPfoDQ",
        "state": "NV",
        "city": "Reno"
    },
    "Business 219": {
        "name": "Weddings in Santa Barbara",
        "business_id": "xF9r1XbMvEOsJeHlmFhIvw",
        "state": "CA",
        "city": "Santa Barbara"
    },
    "Business 220": {
        "name": "Mister B's Cigar Box",
        "business_id": "6BF3eaIzHtoNHSxKTFnTyg",
        "state": "IN",
        "city": "Avon"
    },
    "Business 221": {
        "name": "Oscar's Cafe",
        "business_id": "wjyUxHxkrvUvCOVqy4g_wg",
        "state": "MO",
        "city": "Normandy"
    },
    "Business 222": {
        "name": "Jim's Auto Detailing",
        "business_id": "do6EpBc7ZUoaqdzuUuGFXA",
        "state": "PA",
        "city": "Wayne"
    },
    "Business 223": {
        "name": "Eat Mah Taco @ Pal's Lounge",
        "business_id": "4IcB3QyMEA85UTWFKh9O9A",
        "state": "LA",
        "city": "New Orleans"
    },
    "Business 224": {
        "name": "Jaguar Nashville",
        "business_id": "_mf0QKI1Jlk8zRinr-56FA",
        "state": "TN",
        "city": "Brentwood"
    },
    "Business 225": {
        "name": "The Waxing Queen Of Tucson",
        "business_id": "h_3oLlQ_CFohwlzsrSZ6xQ",
        "state": "AZ",
        "city": "Tucson"
    },
    "Business 226": {
        "name": "Rosati's Pizza",
        "business_id": "Y6heWJJ9AmEL58fZwgi9YQ",
        "state": "AZ",
        "city": "Tucson"
    },
    "Business 227": {
        "name": "Red Hook Coffee & Tea",
        "business_id": "bTve2mwLk5Zc01vRKqc2KQ",
        "state": "PA",
        "city": "Philadelphia"
    },
    "Business 228": {
        "name": "Aldi",
        "business_id": "7FHjj04Wy2aqXl22NA_C0g",
        "state": "IN",
        "city": "Indianapolis"
    },
    "Business 229": {
        "name": "The UPS Store",
        "business_id": "TF6QZYUR5atqBEFnHP5bOw",
        "state": "NV",
        "city": "Reno"
    },
    "Business 230": {
        "name": "99 Cents Only Stores",
        "business_id": "WveinioyAZg3dtt0zHsyHA",
        "state": "AZ",
        "city": "Tucson"
    },
    "Business 231": {
        "name": "King of Jewelers",
        "business_id": "D9Xez9uOSM4DgSjSTywq7w",
        "state": "PA",
        "city": "Philadelphia"
    },
    "Business 232": {
        "name": "Frankie's Fruit Bar",
        "business_id": "6czqMScx8MRDirv7fxX7pw",
        "state": "NV",
        "city": "Reno"
    },
    "Business 233": {
        "name": "Thach Used Tires",
        "business_id": "bi3SICnYEuFC7Cihyqz8Nw",
        "state": "FL",
        "city": "Tampa"
    },
    "Business 234": {
        "name": "Lee Roy Selmon's",
        "business_id": "xbRbvXSAVZBEwaUUn3mzbg",
        "state": "FL",
        "city": "Tampa"
    },
    "Business 235": {
        "name": "Union on Fletcher",
        "business_id": "qb5pyP6XOS8K2uuC4eQHmQ",
        "state": "FL",
        "city": "Tampa"
    },
    "Business 236": {
        "name": "Jim's Appliance & Furniture",
        "business_id": "CWE-NfyMgi28ePUiansSdQ",
        "state": "ID",
        "city": "Boise"
    },
    "Business 237": {
        "name": "Chrysalis",
        "business_id": "uDQgmudYDKiB6n4vwbEeDg",
        "state": "TN",
        "city": "Franklin"
    },
    "Business 238": {
        "name": "The Libertine Liquor Bar",
        "business_id": "v5kwdvmg-J8g-ll0nkc3Sw",
        "state": "IN",
        "city": "Indianapolis"
    },
    "Business 239": {
        "name": "Ballistic Fabrication",
        "business_id": "8p9euqoMCbT4AIL_Fgqb0g",
        "state": "AZ",
        "city": "Tuscon"
    },
    "Business 240": {
        "name": "Shanghai Station",
        "business_id": "bqmX882_6AxVA_uHEQ70sQ",
        "state": "PA",
        "city": "Philadelphia"
    },
    "Business 241": {
        "name": "Nails & Beauty Lounge",
        "business_id": "my0bmPD5dgDFE1ia__LNlw",
        "state": "FL",
        "city": "Brandon"
    },
    "Business 242": {
        "name": "Mellow Mushroom",
        "business_id": "Edg22x3CZkIv0GUib2oEFA",
        "state": "LA",
        "city": "New Orleans"
    },
    "Business 243": {
        "name": "Four Green Fields",
        "business_id": "VVvUBlc_WIEb8obKGq39dA",
        "state": "FL",
        "city": "Tampa"
    },
    "Business 244": {
        "name": "Anytime Fitness",
        "business_id": "FR5xx5YEzxAnoMdqGl7vRQ",
        "state": "LA",
        "city": "New Orleans"
    },
    "Business 245": {
        "name": "Cafe Con Leche",
        "business_id": "py5aKmlTB2NarfsfcOpHOQ",
        "state": "FL",
        "city": "Tampa"
    },
    "Business 246": {
        "name": "CVS Pharmacy",
        "business_id": "jL_NufxqXi-BpW5uXKsPwQ",
        "state": "PA",
        "city": "Philadelphia"
    },
    "Business 247": {
        "name": "Express Cafe",
        "business_id": "wZhGuW7vQpfhxeEvLHkTrA",
        "state": "ID",
        "city": "Meridian"
    },
    "Business 248": {
        "name": "Rancho 777",
        "business_id": "vjLSYNGFkPu4Y5HKoJlzYg",
        "state": "NV",
        "city": "Reno"
    },
    "Business 249": {
        "name": "Western Endocrine Associates",
        "business_id": "pIUQz-zGw-Nu_Pu-qoTGuw",
        "state": "AZ",
        "city": "Tucson"
    },
    "Business 250": {
        "name": "Golf Galaxy",
        "business_id": "I3ZLcrGzj-QN5vFgaJFrAg",
        "state": "PA",
        "city": "Berwyn"
    },
    "Business 251": {
        "name": "City Fitness - Northern Liberties",
        "business_id": "Tm3QiAVLJAR2fEJK7APPPQ",
        "state": "PA",
        "city": "Philadelphia"
    },
    "Business 252": {
        "name": "Master Bait and Fishing Supplies",
        "business_id": "rJXa375PYt906DwptOOP3Q",
        "state": "FL",
        "city": "TAMPA"
    },
    "Business 253": {
        "name": "Boston Pizza",
        "business_id": "YR0nwxBOKk6DiLHNItfsBQ",
        "state": "AB",
        "city": "St Albert"
    },
    "Business 254": {
        "name": "Diagnostic Imaging Services",
        "business_id": "X4loIesbBkiTZLFstHv8Kw",
        "state": "LA",
        "city": "Metairie"
    },
    "Business 255": {
        "name": "Baltic Bakery",
        "business_id": "n8ecak12IF_jhnPNs37AZA",
        "state": "PA",
        "city": "Philadelphia"
    },
    "Business 256": {
        "name": "Style Lab For Men",
        "business_id": "jnyHs1ZXy9qIE2gORZBQMg",
        "state": "LA",
        "city": "New Orleans"
    },
    "Business 257": {
        "name": "1-275 Rest Area Manatee County Mile 7",
        "business_id": "xloFoRiYlH4IKGz3FhTDpA",
        "state": "FL",
        "city": "Terra Ceia"
    },
    "Business 258": {
        "name": "Indy Fuel",
        "business_id": "s_lHc_CrkzOTY3k4VNtN8w",
        "state": "IN",
        "city": "Indianapolis"
    },
    "Business 259": {
        "name": "The Cleaning Authority - Tucson",
        "business_id": "zzUxvYE-8Fj_dWqsPcagNg",
        "state": "AZ",
        "city": "Tucson"
    },
    "Business 260": {
        "name": "Fat Jakks",
        "business_id": "jcL_qaGJiappzpnn-ifSoA",
        "state": "AB",
        "city": "Edmonton"
    },
    "Business 261": {
        "name": "Restoration Hardware",
        "business_id": "rYOrSXy2I4BcxB7dhg29uA",
        "state": "TN",
        "city": "Nashville"
    },
    "Business 262": {
        "name": "Brown Sugar Bakery & Cafe",
        "business_id": "_T0cPZE2ZJOTTlYYKMP64Q",
        "state": "PA",
        "city": "Philadelphia"
    },
    "Business 263": {
        "name": "Sake House",
        "business_id": "dJfkfBbJz7wi0RgW-ph_Eg",
        "state": "FL",
        "city": "Tampa"
    },
    "Business 264": {
        "name": "Jon's Bar & Grille",
        "business_id": "VbItL6RDULtnw4YvB6EhVg",
        "state": "PA",
        "city": "Philadelphia"
    },
    "Business 265": {
        "name": "Villas at San Dorado",
        "business_id": "OIsLivxtTTqH7i1QISoUOQ",
        "state": "AZ",
        "city": "Oro Valley"
    },
    "Business 266": {
        "name": "Las Margaritas",
        "business_id": "W57cR9a7XP6RX56MSWHJJA",
        "state": "LA",
        "city": "New Orleans"
    },
    "Business 267": {
        "name": "Rippy's Central Pike Collision Repair",
        "business_id": "35dqrE4z9qWCtCn749oorg",
        "state": "TN",
        "city": "Hermitage"
    },
    "Business 268": {
        "name": "Center City Emergency Dentist",
        "business_id": "6bFx8j2KqPfmT0XEUS1RMg",
        "state": "PA",
        "city": "Philadelphia"
    },
    "Business 269": {
        "name": "Olivier's Creole Restaurant",
        "business_id": "x7_p5O3ChQa7shdHCcLHZQ",
        "state": "LA",
        "city": "New Orleans"
    },
    "Business 270": {
        "name": "Wissahickon Cyclery",
        "business_id": "G2Byuh4EVeSnqqWBWtD7rg",
        "state": "PA",
        "city": "Philadelphia"
    },
    "Business 271": {
        "name": "Parlor Suburban Square",
        "business_id": "JF7iyI3wA_AKi_iXOKi0Qw",
        "state": "PA",
        "city": "Ardmore"
    },
    "Business 272": {
        "name": "Kim Kelly & Co Clinical Skin Care",
        "business_id": "vSE6lkp5FBcttPxEbQ9XCw",
        "state": "PA",
        "city": "Doylestown"
    },
    "Business 273": {
        "name": "Camden Bay Apartments",
        "business_id": "iolaqx0v6g-fymksGWIU9A",
        "state": "FL",
        "city": "Tampa"
    },
    "Business 274": {
        "name": "Bulls Barbershop",
        "business_id": "G89OuZ3sIEfOR5cXeDqNaA",
        "state": "FL",
        "city": "Temple Terrace"
    },
    "Business 275": {
        "name": "Blue Wren Studio",
        "business_id": "gRHd5bRosRWQBckzPawf-w",
        "state": "IN",
        "city": "Indianapolis"
    },
    "Business 276": {
        "name": "Taqueria El Sitio",
        "business_id": "xa6JYHDgVza7CuenKBJBHw",
        "state": "TN",
        "city": "Hermitage"
    },
    "Business 277": {
        "name": "The Pepper Pott",
        "business_id": "1dSKEitDDgIkaApe6UNMSA",
        "state": "TN",
        "city": "Nashville"
    },
    "Business 278": {
        "name": "La Sponda",
        "business_id": "rZw9O5lJ36m_mXeRKE4G9A",
        "state": "PA",
        "city": "Downingtown"
    },
    "Business 279": {
        "name": "BurgerWorks",
        "business_id": "dCITjr2RMTmrX33_eFaMKA",
        "state": "AB",
        "city": "Sherwood Park"
    },
    "Business 280": {
        "name": "Blow Bar Express Styling Salon",
        "business_id": "CLEWowfkj-wKYJlQDqT1aw",
        "state": "FL",
        "city": "Tampa"
    },
    "Business 281": {
        "name": "S&K Salon",
        "business_id": "YG0OOMLP3MWYPKHpkA_mew",
        "state": "AZ",
        "city": "Tucson"
    },
    "Business 282": {
        "name": "The Cider Factory",
        "business_id": "Pr_Mlt9FqdcW7WCFGJmozA",
        "state": "NV",
        "city": "Virginia City"
    },
    "Business 283": {
        "name": "B2 Bluefin",
        "business_id": "-7GDqSUaXrpC8Ql7nDBxWA",
        "state": "PA",
        "city": "Bala Cynwyd"
    },
    "Business 284": {
        "name": "Aloft Philadelphia Airport",
        "business_id": "6I_DA3uqOox50rBvjrQ_-g",
        "state": "PA",
        "city": "Philadelphia"
    },
    "Business 285": {
        "name": "Renee Hair Salon",
        "business_id": "zn-WXkqHag5FSVc_LC9dEQ",
        "state": "PA",
        "city": "Havertown"
    },
    "Business 286": {
        "name": "Bob Kramer\u2019s Marionnettes",
        "business_id": "IYJOfQ6eFVHKCfJck59YIw",
        "state": "MO",
        "city": "Saint Louis"
    },
    "Business 287": {
        "name": "Federal Donuts",
        "business_id": "e8pMCk4bE0U4qk7z59Lxkg",
        "state": "PA",
        "city": "Philadelphia"
    },
    "Business 288": {
        "name": "Bear's Skin Art Studio",
        "business_id": "qps-oF95uqPoV7fiXn-dpg",
        "state": "AB",
        "city": "Edmonton"
    },
    "Business 289": {
        "name": "Accurate Window & Screen",
        "business_id": "Q2sKrIaEZsFN7VNjkibyfQ",
        "state": "FL",
        "city": "Tampa"
    },
    "Business 290": {
        "name": "Baum's Dancewear",
        "business_id": "IAj1Lw3FAOY-yZn4IO7ElQ",
        "state": "PA",
        "city": "Philadelphia"
    },
    "Business 291": {
        "name": "Belle Chic Salon",
        "business_id": "en_F2VgZPW1RCnWkPyCrhg",
        "state": "AZ",
        "city": "Oro Valley"
    },
    "Business 292": {
        "name": "Chinatown Market Shoe Repair And Tailor",
        "business_id": "aNLr1j_3CZ46rqiUeLaQ-A",
        "state": "PA",
        "city": "Philadelphia"
    },
    "Business 293": {
        "name": "Pho Friendly",
        "business_id": "tuyCmcmm5Q-bc-9zV76xKA",
        "state": "NJ",
        "city": "Trenton"
    },
    "Business 294": {
        "name": "Goin' Postal Westhaven",
        "business_id": "96qKAK06EdkG6GPVxKDdTw",
        "state": "TN",
        "city": "Franklin"
    },
    "Business 295": {
        "name": "Guess - Walnut Street",
        "business_id": "yZP6Z8sbDpkeXyjNMDiyDg",
        "state": "PA",
        "city": "Philadelphia"
    },
    "Business 296": {
        "name": "Bustleton Radiology Associates",
        "business_id": "kR4tXc1fLeR2QNu8cMZrEg",
        "state": "PA",
        "city": "Philadelphia"
    },
    "Business 297": {
        "name": "Fusion Pizza & Grill",
        "business_id": "V-96iACFgPmVjjKACGxd7Q",
        "state": "PA",
        "city": "Philadelphia"
    },
    "Business 298": {
        "name": "Misto Diner",
        "business_id": "p184f-Zvf4ToPwLba0VS4A",
        "state": "PA",
        "city": "Bensalem"
    },
    "Business 299": {
        "name": "Endless Summer Tans",
        "business_id": "WcSpc5mcfa7NUZ9GQgx0Tg",
        "state": "AZ",
        "city": "Tucson"
    },
    "Business 300": {
        "name": "Williams Sub Shop",
        "business_id": "zVlhs7BVaouutt-rles-YA",
        "state": "FL",
        "city": "Saint Petersburg"
    }
}