{
    "Business 01": {
        "business_id": "Pns2l4eNsfO8kk83dixA6A",
        "review_count": "7",
        "stars": "5.0"
    },
    "Business 02": {
        "business_id": "mpf3x-BjTdTEA3yCZrAYPw",
        "review_count": "15",
        "stars": "3.0"
    },
    "Business 03": {
        "business_id": "tUFrWirKiKi_TAnsVWINQQ",
        "review_count": "22",
        "stars": "3.5"
    },
    "Business 04": {
        "business_id": "MTSW4McQd7CbVtyjqoe9mw",
        "review_count": "80",
        "stars": "4.0"
    },
    "Business 05": {
        "business_id": "mWMc6_wTdE0EUBKIGXDVfA",
        "review_count": "13",
        "stars": "4.5"
    },
    "Business 06": {
        "business_id": "CF33F8-E6oudUQ46HnavjQ",
        "review_count": "6",
        "stars": "2.0"
    },
    "Business 07": {
        "business_id": "n_0UpQx1hsNbnPUSlodU8w",
        "review_count": "13",
        "stars": "2.5"
    },
    "Business 08": {
        "business_id": "qkRM_2X51Yqxk3btlwAQIg",
        "review_count": "5",
        "stars": "3.5"
    },
    "Business 09": {
        "business_id": "k0hlBqXX-Bt0vf1op7Jr1w",
        "review_count": "19",
        "stars": "3.0"
    },
    "Business 10": {
        "business_id": "bBDDEgkFA1Otx9Lfe7BZUQ",
        "review_count": "10",
        "stars": "1.5"
    },
    "Business 11": {
        "business_id": "UJsufbvfyfONHeWdvAHKjA",
        "review_count": "6",
        "stars": "3.5"
    },
    "Business 12": {
        "business_id": "il_Ro8jwPlHresjw9EGmBg",
        "review_count": "28",
        "stars": "2.5"
    },
    "Business 13": {
        "business_id": "jaxMSoInw8Poo3XeMJt8lQ",
        "review_count": "10",
        "stars": "5.0"
    },
    "Business 14": {
        "business_id": "0bPLkL0QhhPO5kt1_EXmNQ",
        "review_count": "100",
        "stars": "4.5"
    },
    "Business 15": {
        "business_id": "MUTTqe8uqyMdBl186RmNeA",
        "review_count": "245",
        "stars": "4.0"
    },
    "Business 16": {
        "business_id": "rBmpy_Y1UbBx8ggHlyb7hA",
        "review_count": "10",
        "stars": "4.5"
    },
    "Business 17": {
        "business_id": "M0XSSHqrASOnhgbWDJIpQA",
        "review_count": "5",
        "stars": "4.0"
    },
    "Business 18": {
        "business_id": "8wGISYjYkE2tSqn3cDMu8A",
        "review_count": "14",
        "stars": "3.5"
    },
    "Business 19": {
        "business_id": "ROeacJQwBeh05Rqg7F6TCg",
        "review_count": "205",
        "stars": "4.5"
    },
    "Business 20": {
        "business_id": "WKMJwqnfZKsAae75RMP6jA",
        "review_count": "40",
        "stars": "4.0"
    },
    "Business 21": {
        "business_id": "qhDdDeI3K4jy2KyzwFN53w",
        "review_count": "38",
        "stars": "4.0"
    },
    "Business 22": {
        "business_id": "kfNv-JZpuN6TVNSO6hHdkw",
        "review_count": "20",
        "stars": "4.0"
    },
    "Business 23": {
        "business_id": "9OG5YkX1g2GReZM0AskizA",
        "review_count": "339",
        "stars": "2.5"
    },
    "Business 24": {
        "business_id": "4iRzR7OaS-QaSXuvYxEGKA",
        "review_count": "6",
        "stars": "4.0"
    },
    "Business 25": {
        "business_id": "PSo_C1Sfa13JHjzVNW6ziQ",
        "review_count": "15",
        "stars": "5.0"
    },
    "Business 26": {
        "business_id": "noByYNtDLQAra9ccqxdfDw",
        "review_count": "24",
        "stars": "3.0"
    },
    "Business 27": {
        "business_id": "tMkwHmWFUEXrC9ZduonpTg",
        "review_count": "161",
        "stars": "4.0"
    },
    "Business 28": {
        "business_id": "QdN72BWoyFypdGJhhI5r7g",
        "review_count": "65",
        "stars": "4.0"
    },
    "Business 29": {
        "business_id": "sqSqqLy0sN8n2IZrAbzidQ",
        "review_count": "8",
        "stars": "3.5"
    },
    "Business 30": {
        "business_id": "fvWn8oXXwbj2l79cochZyw",
        "review_count": "30",
        "stars": "5.0"
    },
    "Business 31": {
        "business_id": "Mjboz24M9NlBeiOJKLEd_Q",
        "review_count": "41",
        "stars": "3.0"
    },
    "Business 32": {
        "business_id": "8sshLb4UU7emeUDvtJWnpA",
        "review_count": "11",
        "stars": "4.5"
    },
    "Business 33": {
        "business_id": "kV_Q1oqis8Qli8dUoGpTyQ",
        "review_count": "109",
        "stars": "3.5"
    },
    "Business 34": {
        "business_id": "w_AMNoI1iG9eay7ncmc67w",
        "review_count": "12",
        "stars": "3.0"
    },
    "Business 35": {
        "business_id": "aPNXGTDkf-4bjhyMBQxqpQ",
        "review_count": "65",
        "stars": "3.5"
    },
    "Business 36": {
        "business_id": "2xVsWBNFwZOxIOdd9Mwnww",
        "review_count": "20",
        "stars": "2.5"
    },
    "Business 37": {
        "business_id": "mGFsPRHdE6SMV1gYQ6GzgQ",
        "review_count": "6",
        "stars": "2.0"
    },
    "Business 38": {
        "business_id": "LcAozWCMLGjwRbokaJAKMg",
        "review_count": "12",
        "stars": "4.5"
    },
    "Business 39": {
        "business_id": "x1mhq4IpWctQOBM06dU8vg",
        "review_count": "25",
        "stars": "1.5"
    },
    "Business 40": {
        "business_id": "ljxNT9p0y7YMPx0fcNBGig",
        "review_count": "94",
        "stars": "3.0"
    },
    "Business 41": {
        "business_id": "lwItZ1Ck3KtpCgG4CPFmpQ",
        "review_count": "5",
        "stars": "5.0"
    },
    "Business 42": {
        "business_id": "Kq51_lGAgAigqmENITTr-A",
        "review_count": "13",
        "stars": "4.0"
    },
    "Business 43": {
        "business_id": "mglME3E7esPSpIF5bias8w",
        "review_count": "8",
        "stars": "2.5"
    },
    "Business 44": {
        "business_id": "wghnIlMb_i5U46HMBGx9ig",
        "review_count": "23",
        "stars": "3.0"
    },
    "Business 45": {
        "business_id": "JX4tUpd09YFchLBuI43lGw",
        "review_count": "12",
        "stars": "4.0"
    },
    "Business 46": {
        "business_id": "lk9IwjZXqUMqqOhM774DtQ",
        "review_count": "159",
        "stars": "3.5"
    },
    "Business 47": {
        "business_id": "bCBPXIVfVzBZBEpFu29dcg",
        "review_count": "5",
        "stars": "5.0"
    },
    "Business 48": {
        "business_id": "ABxoFuzZy5mqQ8C5FJJajQ",
        "review_count": "12",
        "stars": "5.0"
    },
    "Business 49": {
        "business_id": "Hwt3_mOEmU-t--ywcemnMg",
        "review_count": "17",
        "stars": "3.0"
    },
    "Business 50": {
        "business_id": "5BmQX4UVJY19mMtafMg7JA",
        "review_count": "23",
        "stars": "4.0"
    },
    "Business 51": {
        "business_id": "cVBxfMC4lp3DnocjYA3FHQ",
        "review_count": "20",
        "stars": "5.0"
    },
    "Business 52": {
        "business_id": "0qNpTGTcqPwOLi2hADx4Xw",
        "review_count": "9",
        "stars": "3.0"
    },
    "Business 53": {
        "business_id": "xM6LoUcnpDpMBzXs_7dXAg",
        "review_count": "37",
        "stars": "3.0"
    },
    "Business 54": {
        "business_id": "txyXRytGjwOXvS8s4sc-WA",
        "review_count": "29",
        "stars": "3.0"
    },
    "Business 55": {
        "business_id": "DQ7PyYlp2bX96WZa7TcaWQ",
        "review_count": "8",
        "stars": "2.5"
    },
    "Business 56": {
        "business_id": "uI9XODGY_2_ieTE6xJ0myw",
        "review_count": "23",
        "stars": "4.0"
    },
    "Business 57": {
        "business_id": "JgpnXv_0XhV3SfbfB50nxw",
        "review_count": "35",
        "stars": "4.0"
    },
    "Business 58": {
        "business_id": "Si6LXSR9gvAbmgO5DzV2cw",
        "review_count": "38",
        "stars": "2.5"
    },
    "Business 59": {
        "business_id": "seKihQKpGGnCeLuELRQPSQ",
        "review_count": "257",
        "stars": "3.5"
    },
    "Business 60": {
        "business_id": "L_TT0BFmFwORAMaA83K54A",
        "review_count": "23",
        "stars": "2.5"
    },
    "Business 61": {
        "business_id": "mjWvAkNqoA6Y5P03sDSzfA",
        "review_count": "10",
        "stars": "2.0"
    },
    "Business 62": {
        "business_id": "qfWJmJ0g96eM_fWma3ja0g",
        "review_count": "114",
        "stars": "3.0"
    },
    "Business 63": {
        "business_id": "uczmbBk5O3tYhGue13dCDg",
        "review_count": "38",
        "stars": "4.0"
    },
    "Business 64": {
        "business_id": "eYxGFkxo6m3SYGVTh5m2nQ",
        "review_count": "8",
        "stars": "4.5"
    },
    "Business 65": {
        "business_id": "lOP3HxdUTaq0eXhwR_KC-w",
        "review_count": "13",
        "stars": "4.0"
    },
    "Business 66": {
        "business_id": "KWA2qtdwVEkMpd5soSKaGA",
        "review_count": "7",
        "stars": "3.5"
    },
    "Business 67": {
        "business_id": "gbN4RuUiiBxQ2GBFQ2p3Cw",
        "review_count": "7",
        "stars": "5.0"
    },
    "Business 68": {
        "business_id": "B2qqjCl_BNNnXvWWfpFiLA",
        "review_count": "13",
        "stars": "1.5"
    },
    "Business 69": {
        "business_id": "8rb-3VYXE37IZix4yOdskw",
        "review_count": "29",
        "stars": "2.5"
    },
    "Business 70": {
        "business_id": "9Rww8yE6Dm4dSMEq09nwXg",
        "review_count": "16",
        "stars": "4.5"
    },
    "Business 71": {
        "business_id": "aCDY7vXYMs54EbYuQScsnQ",
        "review_count": "25",
        "stars": "4.5"
    },
    "Business 72": {
        "business_id": "-4dYswJy7SPcbcERvitmIg",
        "review_count": "34",
        "stars": "2.5"
    },
    "Business 73": {
        "business_id": "mFTaYsRDyeFaY2NDLfSaAA",
        "review_count": "5",
        "stars": "4.5"
    },
    "Business 74": {
        "business_id": "x9K0RfZaT_zlw6DklBDzjw",
        "review_count": "9",
        "stars": "3.5"
    },
    "Business 75": {
        "business_id": "pJfh3Ct8iL58NZa8ta-a5w",
        "review_count": "95",
        "stars": "4.5"
    },
    "Business 76": {
        "business_id": "cvP_vh_bOLbCY3eoY1Xw-A",
        "review_count": "7",
        "stars": "4.5"
    },
    "Business 77": {
        "business_id": "7clCBgNbd-x2Wj96lZ6Mjw",
        "review_count": "139",
        "stars": "4.5"
    },
    "Business 78": {
        "business_id": "ppFCk9aQkM338Rgwpl2F5A",
        "review_count": "56",
        "stars": "3.0"
    },
    "Business 79": {
        "business_id": "NZ_bFJma7brQUfln5h1UAg",
        "review_count": "6",
        "stars": "3.5"
    },
    "Business 80": {
        "business_id": "eMjnw_7wp-CscyNh6Lu0ZA",
        "review_count": "58",
        "stars": "4.5"
    },
    "Business 81": {
        "business_id": "IDtLPgUrqorrpqSLdfMhZQ",
        "review_count": "389",
        "stars": "4.0"
    },
    "Business 82": {
        "business_id": "sE6jSnvMts_MAn-b4OkMAw",
        "review_count": "5",
        "stars": "4.0"
    },
    "Business 83": {
        "business_id": "YNjyv0gfOr2g8lbmUpTnKg",
        "review_count": "350",
        "stars": "4.5"
    },
    "Business 84": {
        "business_id": "LhpPSrulqVeTyJeK2xydvQ",
        "review_count": "6",
        "stars": "4.5"
    },
    "Business 85": {
        "business_id": "oaboaRBUgGjbo2kfUIKDLQ",
        "review_count": "593",
        "stars": "4.5"
    },
    "Business 86": {
        "business_id": "-ZXYcCyDjj1QimnJyGtYtg",
        "review_count": "24",
        "stars": "4.5"
    },
    "Business 87": {
        "business_id": "nUqrF-h9S7myCcvNDecOvw",
        "review_count": "32",
        "stars": "4.5"
    },
    "Business 88": {
        "business_id": "vR9_bhoszcpXbB_APv6Xlw",
        "review_count": "31",
        "stars": "5.0"
    },
    "Business 89": {
        "business_id": "ZM46RDLXaFNo_z6t-j_L4w",
        "review_count": "5",
        "stars": "3.5"
    },
    "Business 90": {
        "business_id": "pEm4xNCk8d0TF6A1gi-WDQ",
        "review_count": "17",
        "stars": "3.5"
    },
    "Business 91": {
        "business_id": "J_ksUDPpzPwfTGtI4zTRnQ",
        "review_count": "7",
        "stars": "4.5"
    },
    "Business 92": {
        "business_id": "knQ4vIgx-r85kjlWVVjcpQ",
        "review_count": "5",
        "stars": "4.5"
    },
    "Business 93": {
        "business_id": "U2Tzy6J9aAAg9pzXsgdkvg",
        "review_count": "6",
        "stars": "5.0"
    },
    "Business 94": {
        "business_id": "1MeIwdbTnZOBFCKOrgaxuw",
        "review_count": "80",
        "stars": "3.5"
    },
    "Business 95": {
        "business_id": "8KMIT0NXu30Jz5Ojo5uxaw",
        "review_count": "6",
        "stars": "5.0"
    },
    "Business 96": {
        "business_id": "jiLGdnf42eYftkqfU2ze1w",
        "review_count": "29",
        "stars": "3.5"
    },
    "Business 97": {
        "business_id": "EuRGgOwJ0g1vTj2R04j37Q",
        "review_count": "14",
        "stars": "2.5"
    },
    "Business 98": {
        "business_id": "TLZ3-eDPLhUzfsWO4ad6Ug",
        "review_count": "382",
        "stars": "4.0"
    },
    "Business 99": {
        "business_id": "Dy91wdWkwtI_qgjAIZ0Niw",
        "review_count": "23",
        "stars": "4.0"
    },
    "Business 100": {
        "business_id": "2Bi3ef7c0CrLxHD_-yy_tw",
        "review_count": "13",
        "stars": "3.0"
    },
    "Business 101": {
        "business_id": "vje0KIiE7vtpx7JzmBx5LQ",
        "review_count": "129",
        "stars": "4.0"
    },
    "Business 102": {
        "business_id": "2n9HHBxG7yAyAUwXXa49aw",
        "review_count": "5",
        "stars": "4.0"
    },
    "Business 103": {
        "business_id": "kK2i5Xyd9SOpF5pCFilbcg",
        "review_count": "7",
        "stars": "4.5"
    },
    "Business 104": {
        "business_id": "I6DCYks9lqZeoZiVzW7PmA",
        "review_count": "10",
        "stars": "1.5"
    },
    "Business 105": {
        "business_id": "VrGxoSNZfSiT-G4OqRRGIw",
        "review_count": "73",
        "stars": "4.0"
    },
    "Business 106": {
        "business_id": "H0NEOp4e3Zu598u6kO3y0g",
        "review_count": "17",
        "stars": "3.5"
    },
    "Business 107": {
        "business_id": "sB45WFgysT617bKWP_WJwA",
        "review_count": "605",
        "stars": "4.5"
    },
    "Business 108": {
        "business_id": "Fk1xpM7fjqEJ4paqk5ZFSg",
        "review_count": "19",
        "stars": "3.0"
    },
    "Business 109": {
        "business_id": "4dVrWc4Nhuw9apfk9BWEcA",
        "review_count": "29",
        "stars": "2.0"
    },
    "Business 110": {
        "business_id": "xfmkEGiIERBaBMLhw-dTCg",
        "review_count": "6",
        "stars": "4.5"
    },
    "Business 111": {
        "business_id": "NTf_U8kYu9PAE2cZGJqtJg",
        "review_count": "6",
        "stars": "3.5"
    },
    "Business 112": {
        "business_id": "kk_oEw1j3xQ-cJaAII8A0Q",
        "review_count": "29",
        "stars": "3.0"
    },
    "Business 113": {
        "business_id": "RXpADfOCZBGi82-CGxYdsw",
        "review_count": "8",
        "stars": "4.5"
    },
    "Business 114": {
        "business_id": "qFX8IdomeBVhDPCSyz2aRg",
        "review_count": "7",
        "stars": "3.5"
    },
    "Business 115": {
        "business_id": "luGY5CJlb4CJ3LrBcSXMPA",
        "review_count": "5",
        "stars": "3.0"
    },
    "Business 116": {
        "business_id": "VZzivJEbmHItOxNXJB3SpA",
        "review_count": "14",
        "stars": "2.5"
    },
    "Business 117": {
        "business_id": "iPSPcprSnkLOuL1Ns8UZZA",
        "review_count": "12",
        "stars": "4.5"
    },
    "Business 118": {
        "business_id": "Q3kQYhkYxSRyYyeBgtk--A",
        "review_count": "5",
        "stars": "5.0"
    },
    "Business 119": {
        "business_id": "wEfK2HIYNzkA1QYfUjHBaw",
        "review_count": "15",
        "stars": "2.5"
    },
    "Business 120": {
        "business_id": "anLQj9AM8vjbcLSIE0iUgg",
        "review_count": "22",
        "stars": "4.0"
    },
    "Business 121": {
        "business_id": "BVo_36t3z7vfXp3XGgJkOg",
        "review_count": "37",
        "stars": "1.5"
    },
    "Business 122": {
        "business_id": "P8brGDYVWjeW9GrKixH0yQ",
        "review_count": "36",
        "stars": "3.0"
    },
    "Business 123": {
        "business_id": "Cdytv_YhJO0W0Ab8t2xLtg",
        "review_count": "29",
        "stars": "3.5"
    },
    "Business 124": {
        "business_id": "3BJxm-HnvzdwD1zjmSbmyQ",
        "review_count": "137",
        "stars": "3.0"
    },
    "Business 125": {
        "business_id": "FRYkg_JvsWU9xIXZsEZcVA",
        "review_count": "27",
        "stars": "3.5"
    },
    "Business 126": {
        "business_id": "9C2rpb56aQvW0ViZHK9sPw",
        "review_count": "56",
        "stars": "3.5"
    },
    "Business 127": {
        "business_id": "k0yyD71s2F2eEKWRdkZ6jA",
        "review_count": "19",
        "stars": "3.0"
    },
    "Business 128": {
        "business_id": "dM5OKNzk9AL2aiq-fV-SYg",
        "review_count": "14",
        "stars": "1.5"
    },
    "Business 129": {
        "business_id": "qdYfHRsZdcz4Bun4f9Ijaw",
        "review_count": "8",
        "stars": "2.0"
    },
    "Business 130": {
        "business_id": "Y6t4pnKm5LF8y5ChHA27ow",
        "review_count": "27",
        "stars": "4.5"
    },
    "Business 131": {
        "business_id": "E_kLUlU60fzoZYAOxbH_3w",
        "review_count": "43",
        "stars": "2.5"
    },
    "Business 132": {
        "business_id": "txiXR1YfMyk-5S4ZzOVIhQ",
        "review_count": "7",
        "stars": "2.0"
    },
    "Business 133": {
        "business_id": "0vCsslN-TYnDeOSNT4rIfg",
        "review_count": "44",
        "stars": "3.5"
    },
    "Business 134": {
        "business_id": "zFvqulgAYOpSG2t1v8AZ-w",
        "review_count": "40",
        "stars": "4.0"
    },
    "Business 135": {
        "business_id": "SZU9c8V2GuREDN5KgyHFJw",
        "review_count": "2404",
        "stars": "4.0"
    },
    "Business 136": {
        "business_id": "GWGXTKR0Fhdvzf_isDqJug",
        "review_count": "17",
        "stars": "5.0"
    },
    "Business 137": {
        "business_id": "-aeZuatjCDMV1X4gCTz9Ug",
        "review_count": "6",
        "stars": "4.5"
    },
    "Business 138": {
        "business_id": "PYW8Buz8S8LpjIe6mZTAcw",
        "review_count": "13",
        "stars": "3.5"
    },
    "Business 139": {
        "business_id": "Lx8ZYUJ_-3Aa8N821mN1WQ",
        "review_count": "13",
        "stars": "4.0"
    },
    "Business 140": {
        "business_id": "M_THnNDHs29aylcK-JqS1A",
        "review_count": "6",
        "stars": "1.5"
    },
    "Business 141": {
        "business_id": "uCQqtYW_xc1EJRm7NyakdA",
        "review_count": "12",
        "stars": "4.5"
    },
    "Business 142": {
        "business_id": "9LLxOjEhLNcdx8i4lL6EUQ",
        "review_count": "10",
        "stars": "2.0"
    },
    "Business 143": {
        "business_id": "h-y5azB-VlQAT3m7Ff2g2Q",
        "review_count": "16",
        "stars": "5.0"
    },
    "Business 144": {
        "business_id": "XHTgtBSwLnwRHzKSbea2Fg",
        "review_count": "6",
        "stars": "4.0"
    },
    "Business 145": {
        "business_id": "WYYdQDjx-DsCanlP0DpImQ",
        "review_count": "72",
        "stars": "4.5"
    },
    "Business 146": {
        "business_id": "U2htB9qk4hOXCdkccvvW0Q",
        "review_count": "5",
        "stars": "5.0"
    },
    "Business 147": {
        "business_id": "aNtKyc2rr-uK5cqzY9TVQQ",
        "review_count": "19",
        "stars": "3.0"
    },
    "Business 148": {
        "business_id": "yv6kSKxDdZTsvHL25K-U2g",
        "review_count": "45",
        "stars": "4.5"
    },
    "Business 149": {
        "business_id": "hUQ9Z7kQeabvhPOAQOVV1A",
        "review_count": "67",
        "stars": "3.5"
    },
    "Business 150": {
        "business_id": "t5tBd4p7BA7hNDitBUXxrw",
        "review_count": "68",
        "stars": "4.0"
    },
    "Business 151": {
        "business_id": "oCFcoyGx2VRZ8MHXEsV8tQ",
        "review_count": "10",
        "stars": "2.5"
    },
    "Business 152": {
        "business_id": "FC6ef4rMMZKNov_-A9M6iQ",
        "review_count": "6",
        "stars": "1.5"
    },
    "Business 153": {
        "business_id": "X_E7U2lVNEwbH_gpOBmAHQ",
        "review_count": "182",
        "stars": "4.0"
    },
    "Business 154": {
        "business_id": "EYA514FX4H8MwvFjv2ORQA",
        "review_count": "30",
        "stars": "4.5"
    },
    "Business 155": {
        "business_id": "G4lRmwDHdvhZAhmtlsYYBw",
        "review_count": "37",
        "stars": "1.5"
    },
    "Business 156": {
        "business_id": "DTUfAthScapCGnOnnLUhPA",
        "review_count": "9",
        "stars": "3.5"
    },
    "Business 157": {
        "business_id": "DcUDIlxFsvqPvFh8_lb4Sw",
        "review_count": "8",
        "stars": "1.5"
    },
    "Business 158": {
        "business_id": "zs4d4DqSp5zh3HGFh-PiiQ",
        "review_count": "21",
        "stars": "2.5"
    },
    "Business 159": {
        "business_id": "BxhkoR6cscJwwex8gx31OA",
        "review_count": "40",
        "stars": "3.5"
    },
    "Business 160": {
        "business_id": "2oxrOO3c9_mQmqM9kwEm9Q",
        "review_count": "6",
        "stars": "3.5"
    },
    "Business 161": {
        "business_id": "Ms5xG8i4p80KSMcF3tt4ug",
        "review_count": "52",
        "stars": "4.0"
    },
    "Business 162": {
        "business_id": "yswijv6wP2fKbMqAiEZ0vw",
        "review_count": "6",
        "stars": "5.0"
    },
    "Business 163": {
        "business_id": "m9ncuZp0nEVhIwu24G-HRw",
        "review_count": "10",
        "stars": "2.5"
    },
    "Business 164": {
        "business_id": "QZU7TcrztBb3tXaPbVCkXg",
        "review_count": "68",
        "stars": "4.5"
    },
    "Business 165": {
        "business_id": "l6VYP8AxIoW6U52aDo8fXg",
        "review_count": "24",
        "stars": "4.0"
    },
    "Business 166": {
        "business_id": "wMAxTyExktVtfyqKAfApbA",
        "review_count": "16",
        "stars": "4.0"
    },
    "Business 167": {
        "business_id": "E-nhxuu3zbt02oCj_1AFng",
        "review_count": "60",
        "stars": "5.0"
    },
    "Business 168": {
        "business_id": "vvE3HVfxlx9UYctKPr0dbw",
        "review_count": "9",
        "stars": "4.5"
    },
    "Business 169": {
        "business_id": "JnbSkfsl_j2dUoHncBTonA",
        "review_count": "6",
        "stars": "4.5"
    },
    "Business 170": {
        "business_id": "5BYQP7i7ckUlgSzX4Yhnmw",
        "review_count": "5",
        "stars": "5.0"
    },
    "Business 171": {
        "business_id": "xAAhPuZ8FG6OlvAw5m1BVQ",
        "review_count": "5",
        "stars": "3.5"
    },
    "Business 172": {
        "business_id": "DfGNZQsCe9k2BxazCf0p6g",
        "review_count": "19",
        "stars": "4.5"
    },
    "Business 173": {
        "business_id": "07JLsUInZr5OSiYH2XVi4g",
        "review_count": "8",
        "stars": "2.0"
    },
    "Business 174": {
        "business_id": "hPAmGKnDqummngSTOJN_8g",
        "review_count": "86",
        "stars": "4.5"
    },
    "Business 175": {
        "business_id": "ORL4JE6tz3rJxVqkdKfegA",
        "review_count": "1639",
        "stars": "3.0"
    },
    "Business 176": {
        "business_id": "1GnJDrpp-jyDRCptavD9RQ",
        "review_count": "7",
        "stars": "4.0"
    },
    "Business 177": {
        "business_id": "jkY8aotwcAlSHCgoZrF49w",
        "review_count": "5",
        "stars": "1.0"
    },
    "Business 178": {
        "business_id": "YD_eZ4TaFrHYRrJVzOXHfw",
        "review_count": "11",
        "stars": "1.5"
    },
    "Business 179": {
        "business_id": "P10BsKUeoeCeVoK4BS2u0w",
        "review_count": "29",
        "stars": "4.0"
    },
    "Business 180": {
        "business_id": "7Du9oW73YcYFmXdtU5aiSg",
        "review_count": "17",
        "stars": "3.5"
    },
    "Business 181": {
        "business_id": "h_qlv6CIXGVurFOhFQ945w",
        "review_count": "6",
        "stars": "3.5"
    },
    "Business 182": {
        "business_id": "QjV4v7q_pt7tt3K1US7IHg",
        "review_count": "5",
        "stars": "3.0"
    },
    "Business 183": {
        "business_id": "LGqiubTmpJ-A1L5n7dmc6g",
        "review_count": "14",
        "stars": "1.5"
    },
    "Business 184": {
        "business_id": "FTFtoylMzkrzqNVSl-bkKw",
        "review_count": "19",
        "stars": "4.0"
    },
    "Business 185": {
        "business_id": "59jkCUm4yHciKL1KW_1HJA",
        "review_count": "25",
        "stars": "2.5"
    },
    "Business 186": {
        "business_id": "AzwiKZjVqHOxLaYtPAx8lA",
        "review_count": "37",
        "stars": "2.5"
    },
    "Business 187": {
        "business_id": "yM8LlTInbQH4FwWC97lz6w",
        "review_count": "100",
        "stars": "1.5"
    },
    "Business 188": {
        "business_id": "tVdJ7CgBGAQ_nLomYXbB-Q",
        "review_count": "5",
        "stars": "5.0"
    },
    "Business 189": {
        "business_id": "x8KYhsxbufQiYIK-4MRzHQ",
        "review_count": "13",
        "stars": "2.0"
    },
    "Business 190": {
        "business_id": "3S9GYtMOYhbZl4MMPOHT0Q",
        "review_count": "34",
        "stars": "4.5"
    },
    "Business 191": {
        "business_id": "znL4YrNbA2uwOQ3CchkmEA",
        "review_count": "8",
        "stars": "4.5"
    },
    "Business 192": {
        "business_id": "CtMEJxpVMlNzFpB4PtFjfA",
        "review_count": "75",
        "stars": "4.0"
    },
    "Business 193": {
        "business_id": "O1oZpbZNDMH_gz8DhsZCdA",
        "review_count": "15",
        "stars": "1.5"
    },
    "Business 194": {
        "business_id": "vPcfJ3rm3NpdqVDod2WxLA",
        "review_count": "27",
        "stars": "1.5"
    },
    "Business 195": {
        "business_id": "HI4_NqeHMJOnMoVFNxaFyA",
        "review_count": "21",
        "stars": "3.5"
    },
    "Business 196": {
        "business_id": "pmuuoDqNZp7518AUd-YmPA",
        "review_count": "60",
        "stars": "3.5"
    },
    "Business 197": {
        "business_id": "EDNYAyVc_WFhM3CD6QVD4A",
        "review_count": "13",
        "stars": "4.0"
    },
    "Business 198": {
        "business_id": "tyJwgMRwo21wLUsga_RkQw",
        "review_count": "10",
        "stars": "4.0"
    },
    "Business 199": {
        "business_id": "2dlQX5sP9X6Dlm1MmNOlSw",
        "review_count": "105",
        "stars": "4.0"
    },
    "Business 200": {
        "business_id": "IYlUaKC9nICjiWdk-ShPlg",
        "review_count": "175",
        "stars": "4.0"
    },
    "Business 201": {
        "business_id": "hdRtVNk-G9Ep4eaHPKXmfA",
        "review_count": "7",
        "stars": "4.0"
    },
    "Business 202": {
        "business_id": "tSFXJ0GFl5iUdy021YgWLw",
        "review_count": "7",
        "stars": "5.0"
    },
    "Business 203": {
        "business_id": "UoKkgWmE9-c3wbWwO4VAVQ",
        "review_count": "5",
        "stars": "3.0"
    },
    "Business 204": {
        "business_id": "Nh1rc9aSeO-Y5lYmXVS6CA",
        "review_count": "53",
        "stars": "2.0"
    },
    "Business 205": {
        "business_id": "r_8FZXRkGoc5QNbTOAIftA",
        "review_count": "85",
        "stars": "4.5"
    },
    "Business 206": {
        "business_id": "ZU6NodDOWaabGkeNpOWdXw",
        "review_count": "6",
        "stars": "4.5"
    },
    "Business 207": {
        "business_id": "LVYAXWQB3t7tdwWteyjfhw",
        "review_count": "16",
        "stars": "4.0"
    },
    "Business 208": {
        "business_id": "mq5Z9X7yxgyApILQ11niNw",
        "review_count": "7",
        "stars": "3.0"
    },
    "Business 209": {
        "business_id": "X0V_PdBTS_SwNxMY2795ZA",
        "review_count": "12",
        "stars": "3.5"
    },
    "Business 210": {
        "business_id": "ONUZertKOOImiyQG66Z7Tg",
        "review_count": "26",
        "stars": "3.5"
    },
    "Business 211": {
        "business_id": "ULReFPrCIDRbGKwP3ZsHwg",
        "review_count": "55",
        "stars": "4.5"
    },
    "Business 212": {
        "business_id": "25Uww0C0wvF9CZ_3B6vWtA",
        "review_count": "48",
        "stars": "4.5"
    },
    "Business 213": {
        "business_id": "rCoWa-C7Os51GjFkCnFlVw",
        "review_count": "6",
        "stars": "4.5"
    },
    "Business 214": {
        "business_id": "Dtuf4vD0znzwJW9vk3iTNw",
        "review_count": "246",
        "stars": "4.0"
    },
    "Business 215": {
        "business_id": "8c0r7olQSYGcws0bTd3ikw",
        "review_count": "5",
        "stars": "4.0"
    },
    "Business 216": {
        "business_id": "Ucl9Vo5lwrUmYbV8Dv8X5g",
        "review_count": "108",
        "stars": "4.0"
    },
    "Business 217": {
        "business_id": "cSeA6pC9JUlGfz-RNfvnGw",
        "review_count": "33",
        "stars": "4.0"
    },
    "Business 218": {
        "business_id": "WdrpkH-q7FQY5nclmPfoDQ",
        "review_count": "7",
        "stars": "4.0"
    },
    "Business 219": {
        "business_id": "xF9r1XbMvEOsJeHlmFhIvw",
        "review_count": "13",
        "stars": "5.0"
    },
    "Business 220": {
        "business_id": "6BF3eaIzHtoNHSxKTFnTyg",
        "review_count": "13",
        "stars": "3.5"
    },
    "Business 221": {
        "business_id": "wjyUxHxkrvUvCOVqy4g_wg",
        "review_count": "11",
        "stars": "4.0"
    },
    "Business 222": {
        "business_id": "do6EpBc7ZUoaqdzuUuGFXA",
        "review_count": "8",
        "stars": "4.5"
    },
    "Business 223": {
        "business_id": "4IcB3QyMEA85UTWFKh9O9A",
        "review_count": "8",
        "stars": "4.5"
    },
    "Business 224": {
        "business_id": "_mf0QKI1Jlk8zRinr-56FA",
        "review_count": "10",
        "stars": "5.0"
    },
    "Business 225": {
        "business_id": "h_3oLlQ_CFohwlzsrSZ6xQ",
        "review_count": "17",
        "stars": "4.5"
    },
    "Business 226": {
        "business_id": "Y6heWJJ9AmEL58fZwgi9YQ",
        "review_count": "58",
        "stars": "4.0"
    },
    "Business 227": {
        "business_id": "bTve2mwLk5Zc01vRKqc2KQ",
        "review_count": "183",
        "stars": "4.5"
    },
    "Business 228": {
        "business_id": "7FHjj04Wy2aqXl22NA_C0g",
        "review_count": "18",
        "stars": "4.0"
    },
    "Business 229": {
        "business_id": "TF6QZYUR5atqBEFnHP5bOw",
        "review_count": "27",
        "stars": "3.5"
    },
    "Business 230": {
        "business_id": "WveinioyAZg3dtt0zHsyHA",
        "review_count": "17",
        "stars": "4.0"
    },
    "Business 231": {
        "business_id": "D9Xez9uOSM4DgSjSTywq7w",
        "review_count": "5",
        "stars": "4.0"
    },
    "Business 232": {
        "business_id": "6czqMScx8MRDirv7fxX7pw",
        "review_count": "34",
        "stars": "4.5"
    },
    "Business 233": {
        "business_id": "bi3SICnYEuFC7Cihyqz8Nw",
        "review_count": "5",
        "stars": "5.0"
    },
    "Business 234": {
        "business_id": "xbRbvXSAVZBEwaUUn3mzbg",
        "review_count": "42",
        "stars": "3.5"
    },
    "Business 235": {
        "business_id": "qb5pyP6XOS8K2uuC4eQHmQ",
        "review_count": "8",
        "stars": "2.5"
    },
    "Business 236": {
        "business_id": "CWE-NfyMgi28ePUiansSdQ",
        "review_count": "24",
        "stars": "3.5"
    },
    "Business 237": {
        "business_id": "uDQgmudYDKiB6n4vwbEeDg",
        "review_count": "112",
        "stars": "4.5"
    },
    "Business 238": {
        "business_id": "v5kwdvmg-J8g-ll0nkc3Sw",
        "review_count": "208",
        "stars": "4.0"
    },
    "Business 239": {
        "business_id": "8p9euqoMCbT4AIL_Fgqb0g",
        "review_count": "5",
        "stars": "4.0"
    },
    "Business 240": {
        "business_id": "bqmX882_6AxVA_uHEQ70sQ",
        "review_count": "46",
        "stars": "4.0"
    },
    "Business 241": {
        "business_id": "my0bmPD5dgDFE1ia__LNlw",
        "review_count": "84",
        "stars": "3.5"
    },
    "Business 242": {
        "business_id": "Edg22x3CZkIv0GUib2oEFA",
        "review_count": "149",
        "stars": "3.5"
    },
    "Business 243": {
        "business_id": "VVvUBlc_WIEb8obKGq39dA",
        "review_count": "39",
        "stars": "4.5"
    },
    "Business 244": {
        "business_id": "FR5xx5YEzxAnoMdqGl7vRQ",
        "review_count": "6",
        "stars": "3.0"
    },
    "Business 245": {
        "business_id": "py5aKmlTB2NarfsfcOpHOQ",
        "review_count": "55",
        "stars": "2.5"
    },
    "Business 246": {
        "business_id": "jL_NufxqXi-BpW5uXKsPwQ",
        "review_count": "11",
        "stars": "3.0"
    },
    "Business 247": {
        "business_id": "wZhGuW7vQpfhxeEvLHkTrA",
        "review_count": "119",
        "stars": "4.5"
    },
    "Business 248": {
        "business_id": "vjLSYNGFkPu4Y5HKoJlzYg",
        "review_count": "5",
        "stars": "2.0"
    },
    "Business 249": {
        "business_id": "pIUQz-zGw-Nu_Pu-qoTGuw",
        "review_count": "15",
        "stars": "2.0"
    },
    "Business 250": {
        "business_id": "I3ZLcrGzj-QN5vFgaJFrAg",
        "review_count": "25",
        "stars": "3.0"
    },
    "Business 251": {
        "business_id": "Tm3QiAVLJAR2fEJK7APPPQ",
        "review_count": "131",
        "stars": "3.0"
    },
    "Business 252": {
        "business_id": "rJXa375PYt906DwptOOP3Q",
        "review_count": "8",
        "stars": "4.0"
    },
    "Business 253": {
        "business_id": "YR0nwxBOKk6DiLHNItfsBQ",
        "review_count": "14",
        "stars": "3.5"
    },
    "Business 254": {
        "business_id": "X4loIesbBkiTZLFstHv8Kw",
        "review_count": "10",
        "stars": "3.5"
    },
    "Business 255": {
        "business_id": "n8ecak12IF_jhnPNs37AZA",
        "review_count": "12",
        "stars": "4.5"
    },
    "Business 256": {
        "business_id": "jnyHs1ZXy9qIE2gORZBQMg",
        "review_count": "6",
        "stars": "4.0"
    },
    "Business 257": {
        "business_id": "xloFoRiYlH4IKGz3FhTDpA",
        "review_count": "5",
        "stars": "4.0"
    },
    "Business 258": {
        "business_id": "s_lHc_CrkzOTY3k4VNtN8w",
        "review_count": "28",
        "stars": "4.0"
    },
    "Business 259": {
        "business_id": "zzUxvYE-8Fj_dWqsPcagNg",
        "review_count": "25",
        "stars": "2.0"
    },
    "Business 260": {
        "business_id": "jcL_qaGJiappzpnn-ifSoA",
        "review_count": "8",
        "stars": "4.0"
    },
    "Business 261": {
        "business_id": "rYOrSXy2I4BcxB7dhg29uA",
        "review_count": "71",
        "stars": "3.5"
    },
    "Business 262": {
        "business_id": "_T0cPZE2ZJOTTlYYKMP64Q",
        "review_count": "66",
        "stars": "4.5"
    },
    "Business 263": {
        "business_id": "dJfkfBbJz7wi0RgW-ph_Eg",
        "review_count": "140",
        "stars": "3.0"
    },
    "Business 264": {
        "business_id": "VbItL6RDULtnw4YvB6EhVg",
        "review_count": "178",
        "stars": "3.0"
    },
    "Business 265": {
        "business_id": "OIsLivxtTTqH7i1QISoUOQ",
        "review_count": "7",
        "stars": "4.0"
    },
    "Business 266": {
        "business_id": "W57cR9a7XP6RX56MSWHJJA",
        "review_count": "58",
        "stars": "3.5"
    },
    "Business 267": {
        "business_id": "35dqrE4z9qWCtCn749oorg",
        "review_count": "5",
        "stars": "2.5"
    },
    "Business 268": {
        "business_id": "6bFx8j2KqPfmT0XEUS1RMg",
        "review_count": "120",
        "stars": "3.5"
    },
    "Business 269": {
        "business_id": "x7_p5O3ChQa7shdHCcLHZQ",
        "review_count": "172",
        "stars": "3.5"
    },
    "Business 270": {
        "business_id": "G2Byuh4EVeSnqqWBWtD7rg",
        "review_count": "18",
        "stars": "4.5"
    },
    "Business 271": {
        "business_id": "JF7iyI3wA_AKi_iXOKi0Qw",
        "review_count": "61",
        "stars": "3.5"
    },
    "Business 272": {
        "business_id": "vSE6lkp5FBcttPxEbQ9XCw",
        "review_count": "7",
        "stars": "5.0"
    },
    "Business 273": {
        "business_id": "iolaqx0v6g-fymksGWIU9A",
        "review_count": "53",
        "stars": "3.5"
    },
    "Business 274": {
        "business_id": "G89OuZ3sIEfOR5cXeDqNaA",
        "review_count": "5",
        "stars": "5.0"
    },
    "Business 275": {
        "business_id": "gRHd5bRosRWQBckzPawf-w",
        "review_count": "7",
        "stars": "5.0"
    },
    "Business 276": {
        "business_id": "xa6JYHDgVza7CuenKBJBHw",
        "review_count": "8",
        "stars": "4.5"
    },
    "Business 277": {
        "business_id": "1dSKEitDDgIkaApe6UNMSA",
        "review_count": "18",
        "stars": "5.0"
    },
    "Business 278": {
        "business_id": "rZw9O5lJ36m_mXeRKE4G9A",
        "review_count": "29",
        "stars": "4.5"
    },
    "Business 279": {
        "business_id": "dCITjr2RMTmrX33_eFaMKA",
        "review_count": "17",
        "stars": "3.5"
    },
    "Business 280": {
        "business_id": "CLEWowfkj-wKYJlQDqT1aw",
        "review_count": "55",
        "stars": "4.0"
    },
    "Business 281": {
        "business_id": "YG0OOMLP3MWYPKHpkA_mew",
        "review_count": "6",
        "stars": "4.0"
    },
    "Business 282": {
        "business_id": "Pr_Mlt9FqdcW7WCFGJmozA",
        "review_count": "104",
        "stars": "4.5"
    },
    "Business 283": {
        "business_id": "-7GDqSUaXrpC8Ql7nDBxWA",
        "review_count": "92",
        "stars": "4.0"
    },
    "Business 284": {
        "business_id": "6I_DA3uqOox50rBvjrQ_-g",
        "review_count": "175",
        "stars": "3.0"
    },
    "Business 285": {
        "business_id": "zn-WXkqHag5FSVc_LC9dEQ",
        "review_count": "5",
        "stars": "4.0"
    },
    "Business 286": {
        "business_id": "IYJOfQ6eFVHKCfJck59YIw",
        "review_count": "5",
        "stars": "4.0"
    },
    "Business 287": {
        "business_id": "e8pMCk4bE0U4qk7z59Lxkg",
        "review_count": "11",
        "stars": "4.5"
    },
    "Business 288": {
        "business_id": "qps-oF95uqPoV7fiXn-dpg",
        "review_count": "5",
        "stars": "2.0"
    },
    "Business 289": {
        "business_id": "Q2sKrIaEZsFN7VNjkibyfQ",
        "review_count": "7",
        "stars": "3.5"
    },
    "Business 290": {
        "business_id": "IAj1Lw3FAOY-yZn4IO7ElQ",
        "review_count": "17",
        "stars": "3.0"
    },
    "Business 291": {
        "business_id": "en_F2VgZPW1RCnWkPyCrhg",
        "review_count": "19",
        "stars": "4.5"
    },
    "Business 292": {
        "business_id": "aNLr1j_3CZ46rqiUeLaQ-A",
        "review_count": "23",
        "stars": "5.0"
    },
    "Business 293": {
        "business_id": "tuyCmcmm5Q-bc-9zV76xKA",
        "review_count": "93",
        "stars": "4.5"
    },
    "Business 294": {
        "business_id": "96qKAK06EdkG6GPVxKDdTw",
        "review_count": "16",
        "stars": "3.5"
    },
    "Business 295": {
        "business_id": "yZP6Z8sbDpkeXyjNMDiyDg",
        "review_count": "9",
        "stars": "3.5"
    },
    "Business 296": {
        "business_id": "kR4tXc1fLeR2QNu8cMZrEg",
        "review_count": "13",
        "stars": "2.0"
    },
    "Business 297": {
        "business_id": "V-96iACFgPmVjjKACGxd7Q",
        "review_count": "6",
        "stars": "2.5"
    },
    "Business 298": {
        "business_id": "p184f-Zvf4ToPwLba0VS4A",
        "review_count": "26",
        "stars": "3.5"
    },
    "Business 299": {
        "business_id": "WcSpc5mcfa7NUZ9GQgx0Tg",
        "review_count": "9",
        "stars": "4.5"
    },
    "Business 300": {
        "business_id": "zVlhs7BVaouutt-rles-YA",
        "review_count": "99",
        "stars": "4.5"
    }
}